{"type":"FeatureCollection","name":"Downtown Haverhill utility assets","metadata":{"sourceArchive":"Downtown_Haverhill_260918181249.zip","sourceCrs":"EPSG:3857","outputCrs":"EPSG:4326","sourceFeatureCount":837,"outputFeatureCount":839,"depthPolicy":"Source depth/elevation fields were blank. Rendering depths are nominal demo values and are not suitable for excavation.","license":"Not specified in source archive"},"features":[{"type":"Feature","id":"haverhill-projectgeometry-0001","properties":{"type":"project","assetType":"Boundary","label":"Project Boundary","depth":0.0,"depthSource":"n/a","sourceLayer":"projectGeometry","id":"haverhill-projectgeometry-0001"},"geometry":{"type":"Polygon","coordinates":[[[-71.0893606,42.7774284],[-71.0888243,42.7773846],[-71.0877441,42.7774885],[-71.08615,42.7777072],[-71.0849805,42.7778056],[-71.0841015,42.777822],[-71.0824553,42.7777181],[-71.0818072,42.777658],[-71.081986,42.777155],[-71.0820009,42.7763731],[-71.0821499,42.7750936],[-71.0821722,42.7745906],[-71.0821573,42.7743227],[-71.0820605,42.7740219],[-71.0820158,42.773847],[-71.0828724,42.7736501],[-71.083081,42.773918],[-71.0834982,42.774175],[-71.0864406,42.7752905],[-71.0878261,42.7760232],[-71.0888243,42.7765699],[-71.0892265,42.7768871],[-71.0894276,42.777237],[-71.0893606,42.7774284]]]}},{"type":"Feature","id":"haverhill-sanitary-pipes-0001","properties":{"type":"sewer","network":"sewer","assetType":"Gravity Main","label":"8\" Sanitary Gravity Main","depth":2.5,"depthSource":"nominal-demo","sourceLayer":"Sanitary Pipes","diameterIn":8.0,"material":"Vitrified Clay","id":"haverhill-sanitary-pipes-0001"},"geometry":{"type":"LineString","coordinates":[[-71.0827007,42.7777336],[-71.0826968,42.7776922]]}},{"type":"Feature","id":"haverhill-sanitary-pipes-0002","properties":{"type":"sewer","network":"sewer","assetType":"Gravity Main","label":"8\" Sanitary Gravity Main","depth":2.5,"depthSource":"nominal-demo","sourceLayer":"Sanitary Pipes","diameterIn":8.0,"material":"Vitrified Clay","id":"haverhill-sanitary-pipes-0002"},"geometry":{"type":"LineString","coordinates":[[-71.0826968,42.7776922],[-71.0822863,42.7776826]]}},{"type":"Feature","id":"haverhill-sanitary-pipes-0003","properties":{"type":"sewer","network":"sewer","assetType":"Gravity Main","label":"12\" Sanitary Gravity Main","depth":2.5,"depthSource":"nominal-demo","sourceLayer":"Sanitary Pipes","diameterIn":12.0,"id":"haverhill-sanitary-pipes-0003"},"geometry":{"type":"LineString","coordinates":[[-71.0835407,42.7777866],[-71.0835364,42.777755]]}},{"type":"Feature","id":"haverhill-sanitary-pipes-0004","properties":{"type":"sewer","network":"sewer","assetType":"Gravity Main","label":"10\" Sanitary Gravity Main","depth":2.5,"depthSource":"nominal-demo","sourceLayer":"Sanitary Pipes","diameterIn":10.0,"material":"Vitrified Clay","id":"haverhill-sanitary-pipes-0004"},"geometry":{"type":"LineString","coordinates":[[-71.0835364,42.777755],[-71.0826968,42.7776922]]}},{"type":"Feature","id":"haverhill-sanitary-pipes-0005","properties":{"type":"sewer","network":"sewer","assetType":"Gravity Main","label":"10\" Sanitary Gravity Main","depth":2.5,"depthSource":"nominal-demo","sourceLayer":"Sanitary Pipes","diameterIn":10.0,"material":"Vitrified Clay","id":"haverhill-sanitary-pipes-0005"},"geometry":{"type":"LineString","coordinates":[[-71.0838527,42.7777809],[-71.0835364,42.777755]]}},{"type":"Feature","id":"haverhill-sanitary-pipes-0006","properties":{"type":"sewer","network":"sewer","assetType":"Gravity Main","label":"24\" Sanitary Gravity Main","depth":2.5,"depthSource":"nominal-demo","sourceLayer":"Sanitary Pipes","diameterIn":24.0,"material":"Brick","id":"haverhill-sanitary-pipes-0006"},"geometry":{"type":"LineString","coordinates":[[-71.086084,42.7777093],[-71.0851233,42.7777746]]}},{"type":"Feature","id":"haverhill-sanitary-pipes-0007","properties":{"type":"sewer","network":"sewer","assetType":"Gravity Main","label":"30\" Sanitary Gravity Main","depth":2.5,"depthSource":"nominal-demo","sourceLayer":"Sanitary Pipes","diameterIn":30.0,"material":"Brick","id":"haverhill-sanitary-pipes-0007"},"geometry":{"type":"LineString","coordinates":[[-71.0860772,42.7777133],[-71.086084,42.7777093]]}},{"type":"Feature","id":"haverhill-sanitary-pipes-0008","properties":{"type":"sewer","network":"sewer","assetType":"Gravity Main","label":"30\" Sanitary Gravity Main","depth":2.5,"depthSource":"nominal-demo","sourceLayer":"Sanitary Pipes","diameterIn":30.0,"material":"Brick","id":"haverhill-sanitary-pipes-0008"},"geometry":{"type":"LineString","coordinates":[[-71.086084,42.7777093],[-71.0860413,42.7777017]]}},{"type":"Feature","id":"haverhill-sanitary-pipes-0009","properties":{"type":"sewer","network":"sewer","assetType":"Gravity Main","label":"50\" Sanitary Gravity Main","depth":2.5,"depthSource":"nominal-demo","sourceLayer":"Sanitary Pipes","diameterIn":50.0,"material":"Brick","id":"haverhill-sanitary-pipes-0009"},"geometry":{"type":"LineString","coordinates":[[-71.0867841,42.7776139],[-71.0867587,42.7776063],[-71.086615,42.7775603]]}},{"type":"Feature","id":"haverhill-sanitary-pipes-0010","properties":{"type":"sewer","network":"sewer","assetType":"Gravity Main","label":"50\" Sanitary Gravity Main","depth":2.5,"depthSource":"nominal-demo","sourceLayer":"Sanitary Pipes","diameterIn":50.0,"material":"Brick","id":"haverhill-sanitary-pipes-0010"},"geometry":{"type":"LineString","coordinates":[[-71.086615,42.7775603],[-71.0864586,42.7772611]]}},{"type":"Feature","id":"haverhill-sanitary-pipes-0011","properties":{"type":"sewer","network":"sewer","assetType":"Gravity Main","label":"8\" Sanitary Gravity Main","depth":2.5,"depthSource":"nominal-demo","sourceLayer":"Sanitary Pipes","diameterIn":8.0,"material":"Vitrified Clay","id":"haverhill-sanitary-pipes-0011"},"geometry":{"type":"LineString","coordinates":[[-71.0831875,42.7769297],[-71.0824943,42.7768845]]}},{"type":"Feature","id":"haverhill-sanitary-pipes-0012","properties":{"type":"sewer","network":"sewer","assetType":"Gravity Main","label":"8\" Sanitary Gravity Main","depth":2.5,"depthSource":"nominal-demo","sourceLayer":"Sanitary Pipes","diameterIn":8.0,"material":"Vitrified Clay","id":"haverhill-sanitary-pipes-0012"},"geometry":{"type":"LineString","coordinates":[[-71.0839247,42.7769485],[-71.0831875,42.7769297]]}},{"type":"Feature","id":"haverhill-sanitary-pipes-0013","properties":{"type":"sewer","network":"sewer","assetType":"Gravity Main","label":"10\" Sanitary Gravity Main","depth":2.5,"depthSource":"nominal-demo","sourceLayer":"Sanitary Pipes","diameterIn":10.0,"material":"Vitrified Clay","id":"haverhill-sanitary-pipes-0013"},"geometry":{"type":"LineString","coordinates":[[-71.0839247,42.7769485],[-71.0839196,42.777016],[-71.0838527,42.7777809]]}},{"type":"Feature","id":"haverhill-sanitary-pipes-0014","properties":{"type":"sewer","network":"sewer","assetType":"Gravity Main","label":"12\" Sanitary Gravity Main","depth":2.5,"depthSource":"nominal-demo","sourceLayer":"Sanitary Pipes","diameterIn":12.0,"material":"Polyvinyl Chloride","id":"haverhill-sanitary-pipes-0014"},"geometry":{"type":"LineString","coordinates":[[-71.0840165,42.7761816],[-71.0840104,42.7762282],[-71.0840029,42.7762852],[-71.0840014,42.7762967],[-71.0839748,42.7765123],[-71.0839451,42.7767534],[-71.0839359,42.776828]]}},{"type":"Feature","id":"haverhill-sanitary-pipes-0015","properties":{"type":"sewer","network":"sewer","assetType":"Gravity Main","label":"12\" Sanitary Gravity Main","depth":2.5,"depthSource":"nominal-demo","sourceLayer":"Sanitary Pipes","diameterIn":12.0,"material":"Brick","id":"haverhill-sanitary-pipes-0015"},"geometry":{"type":"LineString","coordinates":[[-71.0828989,42.7761611],[-71.0825357,42.7761385]]}},{"type":"Feature","id":"haverhill-sanitary-pipes-0016","properties":{"type":"sewer","network":"sewer","assetType":"Gravity Main","label":"12\" Sanitary Gravity Main","depth":2.5,"depthSource":"nominal-demo","sourceLayer":"Sanitary Pipes","diameterIn":12.0,"material":"Brick","id":"haverhill-sanitary-pipes-0016"},"geometry":{"type":"LineString","coordinates":[[-71.0835691,42.7761957],[-71.0831727,42.7761753]]}},{"type":"Feature","id":"haverhill-sanitary-pipes-0017","properties":{"type":"sewer","network":"sewer","assetType":"Gravity Main","label":"12\" Sanitary Gravity Main","depth":2.5,"depthSource":"nominal-demo","sourceLayer":"Sanitary Pipes","diameterIn":12.0,"material":"Brick","id":"haverhill-sanitary-pipes-0017"},"geometry":{"type":"LineString","coordinates":[[-71.0840165,42.7761816],[-71.0837412,42.7762046]]}},{"type":"Feature","id":"haverhill-sanitary-pipes-0018","properties":{"type":"sewer","network":"sewer","assetType":"Gravity Main","label":"24\" Sanitary Gravity Main","depth":2.5,"depthSource":"nominal-demo","sourceLayer":"Sanitary Pipes","diameterIn":24.0,"material":"Brick","id":"haverhill-sanitary-pipes-0018"},"geometry":{"type":"LineString","coordinates":[[-71.0819569,42.7772368],[-71.0819135,42.7776497]]}},{"type":"Feature","id":"haverhill-sanitary-pipes-0019","properties":{"type":"sewer","network":"sewer","assetType":"Gravity Main","label":"24\" Sanitary Gravity Main","depth":2.5,"depthSource":"nominal-demo","sourceLayer":"Sanitary Pipes","diameterIn":24.0,"material":"Clay","id":"haverhill-sanitary-pipes-0019"},"geometry":{"type":"LineString","coordinates":[[-71.0820675,42.7761781],[-71.0820267,42.7765713],[-71.0819976,42.7768516]]}},{"type":"Feature","id":"haverhill-sanitary-pipes-0020","properties":{"type":"sewer","network":"sewer","assetType":"Gravity Main","label":"24\" Sanitary Gravity Main","depth":2.5,"depthSource":"nominal-demo","sourceLayer":"Sanitary Pipes","diameterIn":24.0,"material":"Vitrified Clay","id":"haverhill-sanitary-pipes-0020"},"geometry":{"type":"LineString","coordinates":[[-71.0821719,42.7752349],[-71.0821536,42.7754031],[-71.0820716,42.7761555]]}},{"type":"Feature","id":"haverhill-sanitary-pipes-0021","properties":{"type":"sewer","network":"sewer","assetType":"Gravity Main","label":"15\" Sanitary Gravity Main","depth":2.5,"depthSource":"nominal-demo","sourceLayer":"Sanitary Pipes","diameterIn":15.0,"material":"Polyvinyl Chloride","id":"haverhill-sanitary-pipes-0021"},"geometry":{"type":"LineString","coordinates":[[-71.0841776,42.775311],[-71.0840589,42.7757168]]}},{"type":"Feature","id":"haverhill-sanitary-pipes-0022","properties":{"type":"sewer","network":"sewer","assetType":"Gravity Main","label":"12\" Sanitary Gravity Main","depth":2.5,"depthSource":"nominal-demo","sourceLayer":"Sanitary Pipes","diameterIn":12.0,"material":"Clay","id":"haverhill-sanitary-pipes-0022"},"geometry":{"type":"LineString","coordinates":[[-71.0835724,42.7755743],[-71.0828551,42.775364],[-71.0825009,42.7752601]]}},{"type":"Feature","id":"haverhill-sanitary-pipes-0023","properties":{"type":"sewer","network":"sewer","assetType":"Gravity Main","label":"12\" Sanitary Gravity Main","depth":2.5,"depthSource":"nominal-demo","sourceLayer":"Sanitary Pipes","diameterIn":12.0,"material":"Clay","id":"haverhill-sanitary-pipes-0023"},"geometry":{"type":"LineString","coordinates":[[-71.0840589,42.7757168],[-71.0835724,42.7755743]]}},{"type":"Feature","id":"haverhill-sanitary-pipes-0024","properties":{"type":"sewer","network":"sewer","assetType":"Gravity Main","label":"50\" Sanitary Gravity Main","depth":2.5,"depthSource":"nominal-demo","sourceLayer":"Sanitary Pipes","diameterIn":50.0,"material":"Brick","id":"haverhill-sanitary-pipes-0024"},"geometry":{"type":"LineString","coordinates":[[-71.0864586,42.7772611],[-71.0855926,42.7769935]]}},{"type":"Feature","id":"haverhill-sanitary-pipes-0025","properties":{"type":"sewer","network":"sewer","assetType":"Gravity Main","label":"50\" Sanitary Gravity Main","depth":2.5,"depthSource":"nominal-demo","sourceLayer":"Sanitary Pipes","diameterIn":50.0,"material":"Brick","id":"haverhill-sanitary-pipes-0025"},"geometry":{"type":"LineString","coordinates":[[-71.0855926,42.7769935],[-71.0850217,42.7762881]]}},{"type":"Feature","id":"haverhill-sanitary-pipes-0026","properties":{"type":"sewer","network":"sewer","assetType":"Gravity Main","label":"12\" Sanitary Gravity Main","depth":2.5,"depthSource":"nominal-demo","sourceLayer":"Sanitary Pipes","diameterIn":12.0,"material":"Clay","id":"haverhill-sanitary-pipes-0026"},"geometry":{"type":"LineString","coordinates":[[-71.0851233,42.7777746],[-71.0850677,42.7769586]]}},{"type":"Feature","id":"haverhill-sanitary-pipes-0027","properties":{"type":"sewer","network":"sewer","assetType":"Gravity Main","label":"12\" Sanitary Gravity Main","depth":2.5,"depthSource":"nominal-demo","sourceLayer":"Sanitary Pipes","diameterIn":12.0,"material":"Clay","id":"haverhill-sanitary-pipes-0027"},"geometry":{"type":"LineString","coordinates":[[-71.0850534,42.7767177],[-71.0850217,42.7762881]]}},{"type":"Feature","id":"haverhill-sanitary-pipes-0028","properties":{"type":"sewer","network":"sewer","assetType":"Gravity Main","label":"42\" Sanitary Gravity Main","depth":2.5,"depthSource":"nominal-demo","sourceLayer":"Sanitary Pipes","diameterIn":42.0,"material":"Reinforced Concrete","id":"haverhill-sanitary-pipes-0028"},"geometry":{"type":"LineString","coordinates":[[-71.089066,42.7768118],[-71.0890465,42.7767451]]}},{"type":"Feature","id":"haverhill-sanitary-pipes-0029","properties":{"type":"sewer","network":"sewer","assetType":"Gravity Main","label":"50\" Sanitary Gravity Main","depth":2.5,"depthSource":"nominal-demo","sourceLayer":"Sanitary Pipes","diameterIn":50.0,"material":"Brick","id":"haverhill-sanitary-pipes-0029"},"geometry":{"type":"LineString","coordinates":[[-71.089228,42.7769546],[-71.0891171,42.7768008]]}},{"type":"Feature","id":"haverhill-sanitary-pipes-0030","properties":{"type":"sewer","network":"sewer","assetType":"Gravity Main","label":"18\" Sanitary Gravity Main","depth":2.5,"depthSource":"nominal-demo","sourceLayer":"Sanitary Pipes","diameterIn":18.0,"material":"Vitrified Clay","id":"haverhill-sanitary-pipes-0030"},"geometry":{"type":"LineString","coordinates":[[-71.0849497,42.7753505],[-71.0842046,42.77522]]}},{"type":"Feature","id":"haverhill-sanitary-pipes-0031","properties":{"type":"sewer","network":"sewer","assetType":"Gravity Main","label":"12\" Sanitary Gravity Main","depth":2.5,"depthSource":"nominal-demo","sourceLayer":"Sanitary Pipes","diameterIn":12.0,"material":"Ductile Iron","id":"haverhill-sanitary-pipes-0031"},"geometry":{"type":"LineString","coordinates":[[-71.0849497,42.7753505],[-71.0849384,42.7751696]]}},{"type":"Feature","id":"haverhill-sanitary-pipes-0032","properties":{"type":"sewer","network":"sewer","assetType":"Gravity Main","label":"18\" Sanitary Gravity Main","depth":2.5,"depthSource":"nominal-demo","sourceLayer":"Sanitary Pipes","diameterIn":18.0,"id":"haverhill-sanitary-pipes-0032"},"geometry":{"type":"LineString","coordinates":[[-71.0850215,42.7761613],[-71.0850187,42.7758855]]}},{"type":"Feature","id":"haverhill-sanitary-pipes-0033","properties":{"type":"sewer","network":"sewer","assetType":"Gravity Main","label":"18\" Sanitary Gravity Main","depth":2.5,"depthSource":"nominal-demo","sourceLayer":"Sanitary Pipes","diameterIn":18.0,"material":"Vitrified Clay","id":"haverhill-sanitary-pipes-0033"},"geometry":{"type":"LineString","coordinates":[[-71.0850187,42.7758855],[-71.0850186,42.7758766],[-71.0850148,42.7752753],[-71.0850141,42.7751729]]}},{"type":"Feature","id":"haverhill-sanitary-pipes-0034","properties":{"type":"sewer","network":"sewer","assetType":"Gravity Main","label":"50\" Sanitary Gravity Main","depth":2.5,"depthSource":"nominal-demo","sourceLayer":"Sanitary Pipes","diameterIn":50.0,"material":"Brick","id":"haverhill-sanitary-pipes-0034"},"geometry":{"type":"LineString","coordinates":[[-71.0850049,42.7758426],[-71.0849893,42.7755854]]}},{"type":"Feature","id":"haverhill-sanitary-pipes-0035","properties":{"type":"sewer","network":"sewer","assetType":"Gravity Main","label":"24\" Sanitary Gravity Main","depth":2.5,"depthSource":"nominal-demo","sourceLayer":"Sanitary Pipes","diameterIn":24.0,"material":"Vitrified Clay","id":"haverhill-sanitary-pipes-0035"},"geometry":{"type":"LineString","coordinates":[[-71.0822323,42.7746514],[-71.0821995,42.7749686],[-71.0821777,42.7751793]]}},{"type":"Feature","id":"haverhill-sanitary-pipes-0036","properties":{"type":"sewer","network":"sewer","assetType":"Gravity Main","label":"24\" Sanitary Gravity Main","depth":2.5,"depthSource":"nominal-demo","sourceLayer":"Sanitary Pipes","diameterIn":24.0,"material":"Vitrified Clay","id":"haverhill-sanitary-pipes-0036"},"geometry":{"type":"LineString","coordinates":[[-71.0821763,42.7743602],[-71.0821175,42.7741033]]}},{"type":"Feature","id":"haverhill-sanitary-pipes-0037","properties":{"type":"sewer","network":"sewer","assetType":"Gravity Main","label":"24\" Sanitary Gravity Main","depth":2.5,"depthSource":"nominal-demo","sourceLayer":"Sanitary Pipes","diameterIn":24.0,"material":"Other","id":"haverhill-sanitary-pipes-0037"},"geometry":{"type":"LineString","coordinates":[[-71.0821175,42.7741033],[-71.0820898,42.77383]]}},{"type":"Feature","id":"haverhill-sanitary-pipes-0038","properties":{"type":"sewer","network":"sewer","assetType":"Gravity Main","label":"50\" Sanitary Gravity Main","depth":2.5,"depthSource":"nominal-demo","sourceLayer":"Sanitary Pipes","diameterIn":50.0,"material":"Brick","id":"haverhill-sanitary-pipes-0038"},"geometry":{"type":"LineString","coordinates":[[-71.0857302,42.7750229],[-71.0853098,42.7748618]]}},{"type":"Feature","id":"haverhill-sanitary-pipes-0039","properties":{"type":"sewer","network":"sewer","assetType":"Gravity Main","label":"54\" Sanitary Gravity Main","depth":2.5,"depthSource":"nominal-demo","sourceLayer":"Sanitary Pipes","diameterIn":54.0,"material":"Brick","id":"haverhill-sanitary-pipes-0039"},"geometry":{"type":"LineString","coordinates":[[-71.0832368,42.774014],[-71.0828035,42.7737862]]}},{"type":"Feature","id":"haverhill-sanitary-pipes-0040","properties":{"type":"sewer","network":"sewer","assetType":"Gravity Main","label":"54\" Sanitary Gravity Main","depth":2.5,"depthSource":"nominal-demo","sourceLayer":"Sanitary Pipes","diameterIn":54.0,"material":"Brick","id":"haverhill-sanitary-pipes-0040"},"geometry":{"type":"LineString","coordinates":[[-71.0828035,42.7737862],[-71.0826443,42.7737025]]}},{"type":"Feature","id":"haverhill-sanitary-pipes-0041","properties":{"type":"sewer","network":"sewer","assetType":"Gravity Main","label":"50\" Sanitary Gravity Main","depth":2.5,"depthSource":"nominal-demo","sourceLayer":"Sanitary Pipes","diameterIn":50.0,"material":"Brick","id":"haverhill-sanitary-pipes-0041"},"geometry":{"type":"LineString","coordinates":[[-71.0881824,42.7762183],[-71.0880479,42.7761474]]}},{"type":"Feature","id":"haverhill-sanitary-pipes-0042","properties":{"type":"sewer","network":"sewer","assetType":"Gravity Main","label":"50\" Sanitary Gravity Main","depth":2.5,"depthSource":"nominal-demo","sourceLayer":"Sanitary Pipes","diameterIn":50.0,"material":"Brick","id":"haverhill-sanitary-pipes-0042"},"geometry":{"type":"LineString","coordinates":[[-71.0880479,42.7761474],[-71.0868606,42.7755165]]}},{"type":"Feature","id":"haverhill-sanitary-pipes-0043","properties":{"type":"sewer","network":"sewer","assetType":"Gravity Main","label":"50\" Sanitary Gravity Main","depth":2.5,"depthSource":"nominal-demo","sourceLayer":"Sanitary Pipes","diameterIn":50.0,"material":"Brick","id":"haverhill-sanitary-pipes-0043"},"geometry":{"type":"LineString","coordinates":[[-71.0868606,42.7755165],[-71.0863378,42.7752515]]}},{"type":"Feature","id":"haverhill-sanitary-pipes-0044","properties":{"type":"sewer","network":"sewer","assetType":"Gravity Main","label":"15\" Sanitary Gravity Main","depth":2.5,"depthSource":"nominal-demo","sourceLayer":"Sanitary Pipes","diameterIn":15.0,"material":"Polyvinyl Chloride","id":"haverhill-sanitary-pipes-0044"},"geometry":{"type":"LineString","coordinates":[[-71.0842046,42.77522],[-71.0841776,42.775311]]}},{"type":"Feature","id":"haverhill-sanitary-pipes-0045","properties":{"type":"sewer","network":"sewer","assetType":"Gravity Main","label":"12\" Sanitary Gravity Main","depth":2.5,"depthSource":"nominal-demo","sourceLayer":"Sanitary Pipes","diameterIn":12.0,"material":"Clay","id":"haverhill-sanitary-pipes-0045"},"geometry":{"type":"LineString","coordinates":[[-71.0820716,42.7761555],[-71.0820264,42.7761537]]}},{"type":"Feature","id":"haverhill-sanitary-pipes-0046","properties":{"type":"sewer","network":"sewer","assetType":"Gravity Main","label":"Sanitary Gravity Main","depth":2.5,"depthSource":"nominal-demo","sourceLayer":"Sanitary Pipes","material":"Reinforced Concrete","id":"haverhill-sanitary-pipes-0046"},"geometry":{"type":"LineString","coordinates":[[-71.0822629,42.775236],[-71.0821304,42.7752607]]}},{"type":"Feature","id":"haverhill-sanitary-pipes-0047","properties":{"type":"sewer","network":"sewer","assetType":"Gravity Main","label":"12\" Sanitary Gravity Main","depth":2.5,"depthSource":"nominal-demo","sourceLayer":"Sanitary Pipes","diameterIn":12.0,"material":"Reinforced Concrete","id":"haverhill-sanitary-pipes-0047"},"geometry":{"type":"LineString","coordinates":[[-71.0822039,42.7746648],[-71.0821858,42.774931]]}},{"type":"Feature","id":"haverhill-sanitary-pipes-0048","properties":{"type":"sewer","network":"sewer","assetType":"Gravity Main","label":"Sanitary Gravity Main","depth":2.5,"depthSource":"nominal-demo","sourceLayer":"Sanitary Pipes","id":"haverhill-sanitary-pipes-0048"},"geometry":{"type":"LineString","coordinates":[[-71.0822125,42.7753215],[-71.0822023,42.7754354]]}},{"type":"Feature","id":"haverhill-sanitary-pipes-0049","properties":{"type":"sewer","network":"sewer","assetType":"Gravity Main","label":"12\" Sanitary Gravity Main","depth":2.5,"depthSource":"nominal-demo","sourceLayer":"Sanitary Pipes","diameterIn":12.0,"id":"haverhill-sanitary-pipes-0049"},"geometry":{"type":"LineString","coordinates":[[-71.0822629,42.775236],[-71.0822125,42.7753215]]}},{"type":"Feature","id":"haverhill-sanitary-pipes-0050","properties":{"type":"sewer","network":"sewer","assetType":"Gravity Main","label":"30\" Sanitary Gravity Main","depth":2.5,"depthSource":"nominal-demo","sourceLayer":"Sanitary Pipes","diameterIn":30.0,"material":"Reinforced Concrete","id":"haverhill-sanitary-pipes-0050"},"geometry":{"type":"LineString","coordinates":[[-71.0865873,42.7776472],[-71.0864163,42.7776569],[-71.0863992,42.7776585]]}},{"type":"Feature","id":"haverhill-sanitary-pipes-0051","properties":{"type":"sewer","network":"sewer","assetType":"Gravity Main","label":"30\" Sanitary Gravity Main","depth":2.5,"depthSource":"nominal-demo","sourceLayer":"Sanitary Pipes","diameterIn":30.0,"material":"Brick","id":"haverhill-sanitary-pipes-0051"},"geometry":{"type":"LineString","coordinates":[[-71.086615,42.7775603],[-71.0864282,42.7776449],[-71.0863992,42.7776585]]}},{"type":"Feature","id":"haverhill-sanitary-pipes-0052","properties":{"type":"sewer","network":"sewer","assetType":"Gravity Main","label":"12\" Sanitary Gravity Main","depth":2.5,"depthSource":"nominal-demo","sourceLayer":"Sanitary Pipes","diameterIn":12.0,"material":"Vitrified Clay","id":"haverhill-sanitary-pipes-0052"},"geometry":{"type":"LineString","coordinates":[[-71.0826237,42.7745084],[-71.0825723,42.774476],[-71.0825171,42.7744262],[-71.082457,42.7743554],[-71.0824432,42.7743129]]}},{"type":"Feature","id":"haverhill-sanitary-pipes-0053","properties":{"type":"sewer","network":"sewer","assetType":"Gravity Main","label":"10\" Sanitary Gravity Main","depth":2.5,"depthSource":"nominal-demo","sourceLayer":"Sanitary Pipes","diameterIn":10.0,"material":"Vitrified Clay","id":"haverhill-sanitary-pipes-0053"},"geometry":{"type":"LineString","coordinates":[[-71.0825979,42.7744049],[-71.0825143,42.7742521]]}},{"type":"Feature","id":"haverhill-sanitary-pipes-0054","properties":{"type":"sewer","network":"sewer","assetType":"Gravity Main","label":"12\" Sanitary Gravity Main","depth":2.5,"depthSource":"nominal-demo","sourceLayer":"Sanitary Pipes","diameterIn":12.0,"material":"Vitrified Clay","id":"haverhill-sanitary-pipes-0054"},"geometry":{"type":"LineString","coordinates":[[-71.0830766,42.7745767],[-71.0829268,42.7745678],[-71.0827088,42.7745357],[-71.0826237,42.7745084]]}},{"type":"Feature","id":"haverhill-sanitary-pipes-0055","properties":{"type":"sewer","network":"sewer","assetType":"Gravity Main","label":"12\" Sanitary Gravity Main","depth":2.5,"depthSource":"nominal-demo","sourceLayer":"Sanitary Pipes","diameterIn":12.0,"material":"Cast Iron","id":"haverhill-sanitary-pipes-0055"},"geometry":{"type":"LineString","coordinates":[[-71.0830789,42.7744944],[-71.0830766,42.7745767]]}},{"type":"Feature","id":"haverhill-sanitary-pipes-0056","properties":{"type":"sewer","network":"sewer","assetType":"Gravity Main","label":"12\" Sanitary Gravity Main","depth":2.5,"depthSource":"nominal-demo","sourceLayer":"Sanitary Pipes","diameterIn":12.0,"material":"Vitrified Clay","id":"haverhill-sanitary-pipes-0056"},"geometry":{"type":"LineString","coordinates":[[-71.0826701,42.7744451],[-71.0825979,42.7744049]]}},{"type":"Feature","id":"haverhill-sanitary-pipes-0057","properties":{"type":"sewer","network":"sewer","assetType":"Gravity Main","label":"12\" Sanitary Gravity Main","depth":2.5,"depthSource":"nominal-demo","sourceLayer":"Sanitary Pipes","diameterIn":12.0,"material":"Vitrified Clay","id":"haverhill-sanitary-pipes-0057"},"geometry":{"type":"LineString","coordinates":[[-71.0830789,42.7744944],[-71.0830264,42.7745086],[-71.082846,42.7744987],[-71.0827998,42.7744871]]}},{"type":"Feature","id":"haverhill-sanitary-pipes-0058","properties":{"type":"sewer","network":"sewer","assetType":"Gravity Main","label":"18\" Sanitary Gravity Main","depth":2.5,"depthSource":"nominal-demo","sourceLayer":"Sanitary Pipes","diameterIn":18.0,"material":"Vitrified Clay","id":"haverhill-sanitary-pipes-0058"},"geometry":{"type":"LineString","coordinates":[[-71.0831526,42.7744019],[-71.0830789,42.7744944]]}},{"type":"Feature","id":"haverhill-sanitary-pipes-0059","properties":{"type":"sewer","network":"sewer","assetType":"Gravity Main","label":"12\" Sanitary Gravity Main","depth":2.5,"depthSource":"nominal-demo","sourceLayer":"Sanitary Pipes","diameterIn":12.0,"id":"haverhill-sanitary-pipes-0059"},"geometry":{"type":"LineString","coordinates":[[-71.083158,42.7749598],[-71.0831437,42.7751925]]}},{"type":"Feature","id":"haverhill-sanitary-pipes-0060","properties":{"type":"sewer","network":"sewer","assetType":"Gravity Main","label":"18\" Sanitary Gravity Main","depth":2.5,"depthSource":"nominal-demo","sourceLayer":"Sanitary Pipes","diameterIn":18.0,"id":"haverhill-sanitary-pipes-0060"},"geometry":{"type":"LineString","coordinates":[[-71.0832029,42.7747562],[-71.0830723,42.7746068]]}},{"type":"Feature","id":"haverhill-sanitary-pipes-0061","properties":{"type":"sewer","network":"sewer","assetType":"Gravity Main","label":"15\" Sanitary Gravity Main","depth":2.5,"depthSource":"nominal-demo","sourceLayer":"Sanitary Pipes","diameterIn":15.0,"id":"haverhill-sanitary-pipes-0061"},"geometry":{"type":"LineString","coordinates":[[-71.0832029,42.7747562],[-71.083158,42.7749598]]}},{"type":"Feature","id":"haverhill-sanitary-pipes-0062","properties":{"type":"sewer","network":"sewer","assetType":"Gravity Main","label":"12\" Sanitary Gravity Main","depth":2.5,"depthSource":"nominal-demo","sourceLayer":"Sanitary Pipes","diameterIn":12.0,"material":"Reinforced Concrete","id":"haverhill-sanitary-pipes-0062"},"geometry":{"type":"LineString","coordinates":[[-71.0821777,42.7745612],[-71.082169,42.7745321]]}},{"type":"Feature","id":"haverhill-sanitary-pipes-0063","properties":{"type":"sewer","network":"sewer","assetType":"Gravity Main","label":"12\" Sanitary Gravity Main","depth":2.5,"depthSource":"nominal-demo","sourceLayer":"Sanitary Pipes","diameterIn":12.0,"material":"Reinforced Concrete","id":"haverhill-sanitary-pipes-0063"},"geometry":{"type":"LineString","coordinates":[[-71.0830187,42.773838],[-71.0827715,42.7736783]]}},{"type":"Feature","id":"haverhill-sanitary-pipes-0064","properties":{"type":"sewer","network":"sewer","assetType":"Gravity Main","label":"50\" Sanitary Gravity Main","depth":2.5,"depthSource":"nominal-demo","sourceLayer":"Sanitary Pipes","diameterIn":50.0,"material":"Brick","id":"haverhill-sanitary-pipes-0064"},"geometry":{"type":"LineString","coordinates":[[-71.0867854,42.77762],[-71.0867841,42.7776139]]}},{"type":"Feature","id":"haverhill-sanitary-pipes-0065","properties":{"type":"sewer","network":"sewer","assetType":"Gravity Main","label":"12\" Sanitary Gravity Main","depth":2.5,"depthSource":"nominal-demo","sourceLayer":"Sanitary Pipes","diameterIn":12.0,"material":"Reinforced Concrete","id":"haverhill-sanitary-pipes-0065"},"geometry":{"type":"LineString","coordinates":[[-71.0828151,42.7736633],[-71.0827715,42.7736783]]}},{"type":"Feature","id":"haverhill-sanitary-pipes-0066","properties":{"type":"sewer","network":"sewer","assetType":"Gravity Main","label":"24\" Sanitary Gravity Main","depth":2.5,"depthSource":"nominal-demo","sourceLayer":"Sanitary Pipes","diameterIn":24.0,"material":"Vitrified Clay","id":"haverhill-sanitary-pipes-0066"},"geometry":{"type":"LineString","coordinates":[[-71.0821777,42.7751793],[-71.0821743,42.7752168],[-71.0821719,42.7752349]]}},{"type":"Feature","id":"haverhill-sanitary-pipes-0067","properties":{"type":"sewer","network":"sewer","assetType":"Gravity Main","label":"24\" Sanitary Gravity Main","depth":2.5,"depthSource":"nominal-demo","sourceLayer":"Sanitary Pipes","diameterIn":24.0,"material":"Vitrified Clay","id":"haverhill-sanitary-pipes-0067"},"geometry":{"type":"LineString","coordinates":[[-71.0822323,42.7746514],[-71.0821763,42.7743602]]}},{"type":"Feature","id":"haverhill-sanitary-pipes-0068","properties":{"type":"sewer","network":"sewer","assetType":"Gravity Main","label":"24\" Sanitary Gravity Main","depth":2.5,"depthSource":"nominal-demo","sourceLayer":"Sanitary Pipes","diameterIn":24.0,"material":"Vitrified Clay","id":"haverhill-sanitary-pipes-0068"},"geometry":{"type":"LineString","coordinates":[[-71.0829239,42.7737162],[-71.0828035,42.7737862]]}},{"type":"Feature","id":"haverhill-sanitary-pipes-0069","properties":{"type":"sewer","network":"sewer","assetType":"Gravity Main","label":"18\" Sanitary Gravity Main","depth":2.5,"depthSource":"nominal-demo","sourceLayer":"Sanitary Pipes","diameterIn":18.0,"material":"Cast Iron","id":"haverhill-sanitary-pipes-0069"},"geometry":{"type":"LineString","coordinates":[[-71.0850855,42.7750647],[-71.0850141,42.7751729]]}},{"type":"Feature","id":"haverhill-sanitary-pipes-0070","properties":{"type":"sewer","network":"sewer","assetType":"Gravity Main","label":"18\" Sanitary Gravity Main","depth":2.5,"depthSource":"nominal-demo","sourceLayer":"Sanitary Pipes","diameterIn":18.0,"material":"Vitrified Clay","id":"haverhill-sanitary-pipes-0070"},"geometry":{"type":"LineString","coordinates":[[-71.0849822,42.7753459],[-71.084957,42.7753495]]}},{"type":"Feature","id":"haverhill-sanitary-pipes-0071","properties":{"type":"sewer","network":"sewer","assetType":"Gravity Main","label":"12\" Sanitary Gravity Main","depth":2.5,"depthSource":"nominal-demo","sourceLayer":"Sanitary Pipes","diameterIn":12.0,"material":"Ductile Iron","id":"haverhill-sanitary-pipes-0071"},"geometry":{"type":"LineString","coordinates":[[-71.0850215,42.7761613],[-71.0849853,42.7761461]]}},{"type":"Feature","id":"haverhill-sanitary-pipes-0072","properties":{"type":"sewer","network":"sewer","assetType":"Gravity Main","label":"50\" Sanitary Gravity Main","depth":2.5,"depthSource":"nominal-demo","sourceLayer":"Sanitary Pipes","diameterIn":50.0,"material":"Brick","id":"haverhill-sanitary-pipes-0072"},"geometry":{"type":"LineString","coordinates":[[-71.0850215,42.7761613],[-71.0850049,42.7758426]]}},{"type":"Feature","id":"haverhill-sanitary-pipes-0073","properties":{"type":"sewer","network":"sewer","assetType":"Gravity Main","label":"50\" Sanitary Gravity Main","depth":2.5,"depthSource":"nominal-demo","sourceLayer":"Sanitary Pipes","diameterIn":50.0,"material":"Brick","id":"haverhill-sanitary-pipes-0073"},"geometry":{"type":"LineString","coordinates":[[-71.0849893,42.7755854],[-71.0849822,42.7753459]]}},{"type":"Feature","id":"haverhill-sanitary-pipes-0074","properties":{"type":"sewer","network":"sewer","assetType":"Gravity Main","label":"12\" Sanitary Gravity Main","depth":2.5,"depthSource":"nominal-demo","sourceLayer":"Sanitary Pipes","diameterIn":12.0,"material":"Vitrified Clay","id":"haverhill-sanitary-pipes-0074"},"geometry":{"type":"LineString","coordinates":[[-71.0849853,42.7761461],[-71.0849497,42.7753505]]}},{"type":"Feature","id":"haverhill-sanitary-pipes-0075","properties":{"type":"sewer","network":"sewer","assetType":"Gravity Main","label":"50\" Sanitary Gravity Main","depth":2.5,"depthSource":"nominal-demo","sourceLayer":"Sanitary Pipes","diameterIn":50.0,"material":"Brick","id":"haverhill-sanitary-pipes-0075"},"geometry":{"type":"LineString","coordinates":[[-71.0849822,42.7753459],[-71.0849769,42.7751922]]}},{"type":"Feature","id":"haverhill-sanitary-pipes-0076","properties":{"type":"sewer","network":"sewer","assetType":"Gravity Main","label":"15\" Sanitary Gravity Main","depth":2.5,"depthSource":"nominal-demo","sourceLayer":"Sanitary Pipes","diameterIn":15.0,"material":"Vitrified Clay","id":"haverhill-sanitary-pipes-0076"},"geometry":{"type":"LineString","coordinates":[[-71.0840448,42.7761806],[-71.0840165,42.7761816]]}},{"type":"Feature","id":"haverhill-sanitary-pipes-0077","properties":{"type":"sewer","network":"sewer","assetType":"Gravity Main","label":"15\" Sanitary Gravity Main","depth":2.5,"depthSource":"nominal-demo","sourceLayer":"Sanitary Pipes","diameterIn":15.0,"material":"Vitrified Clay","id":"haverhill-sanitary-pipes-0077"},"geometry":{"type":"LineString","coordinates":[[-71.0850217,42.7762881],[-71.0850176,42.7762772],[-71.0850112,42.7762669],[-71.0850027,42.7762574],[-71.0849923,42.7762491],[-71.0849803,42.776242],[-71.0849669,42.7762364],[-71.0849525,42.7762324],[-71.0849374,42.7762301],[-71.0849221,42.7762295],[-71.0840448,42.7761806]]}},{"type":"Feature","id":"haverhill-sanitary-pipes-0078","properties":{"type":"sewer","network":"sewer","assetType":"Gravity Main","label":"48\" Sanitary Gravity Main","depth":2.5,"depthSource":"nominal-demo","sourceLayer":"Sanitary Pipes","diameterIn":48.0,"material":"Reinforced Concrete","id":"haverhill-sanitary-pipes-0078"},"geometry":{"type":"LineString","coordinates":[[-71.089066,42.7768118],[-71.0883658,42.7772053]]}},{"type":"Feature","id":"haverhill-sanitary-pipes-0079","properties":{"type":"sewer","network":"sewer","assetType":"Gravity Main","label":"54\" Sanitary Gravity Main","depth":2.5,"depthSource":"nominal-demo","sourceLayer":"Sanitary Pipes","diameterIn":54.0,"material":"Reinforced Concrete","id":"haverhill-sanitary-pipes-0079"},"geometry":{"type":"LineString","coordinates":[[-71.0869807,42.7775932],[-71.0867841,42.7776139]]}},{"type":"Feature","id":"haverhill-sanitary-pipes-0080","properties":{"type":"sewer","network":"sewer","assetType":"Gravity Main","label":"12\" Sanitary Gravity Main","depth":2.5,"depthSource":"nominal-demo","sourceLayer":"Sanitary Pipes","diameterIn":12.0,"id":"haverhill-sanitary-pipes-0080"},"geometry":{"type":"LineString","coordinates":[[-71.0892584,42.7769425],[-71.089228,42.7769546]]}},{"type":"Feature","id":"haverhill-sanitary-pipes-0081","properties":{"type":"sewer","network":"sewer","assetType":"Gravity Main","label":"42\" Sanitary Gravity Main","depth":2.5,"depthSource":"nominal-demo","sourceLayer":"Sanitary Pipes","diameterIn":42.0,"material":"Reinforced Concrete","id":"haverhill-sanitary-pipes-0081"},"geometry":{"type":"LineString","coordinates":[[-71.0892795,42.7769969],[-71.0891912,42.7769539]]}},{"type":"Feature","id":"haverhill-sanitary-pipes-0082","properties":{"type":"sewer","network":"sewer","assetType":"Gravity Main","label":"42\" Sanitary Gravity Main","depth":2.5,"depthSource":"nominal-demo","sourceLayer":"Sanitary Pipes","diameterIn":42.0,"material":"Reinforced Concrete","id":"haverhill-sanitary-pipes-0082"},"geometry":{"type":"LineString","coordinates":[[-71.0891912,42.7769539],[-71.089066,42.7768118]]}},{"type":"Feature","id":"haverhill-sanitary-pipes-0083","properties":{"type":"sewer","network":"sewer","assetType":"Gravity Main","label":"24\" Sanitary Gravity Main","depth":2.5,"depthSource":"nominal-demo","sourceLayer":"Sanitary Pipes","diameterIn":24.0,"material":"Reinforced Concrete","id":"haverhill-sanitary-pipes-0083"},"geometry":{"type":"LineString","coordinates":[[-71.082632,42.7752567],[-71.0822629,42.775236]]}},{"type":"Feature","id":"haverhill-sanitary-pipes-0084","properties":{"type":"sewer","network":"sewer","assetType":"Gravity Main","label":"24\" Sanitary Gravity Main","depth":2.5,"depthSource":"nominal-demo","sourceLayer":"Sanitary Pipes","diameterIn":24.0,"material":"Reinforced Concrete","id":"haverhill-sanitary-pipes-0084"},"geometry":{"type":"LineString","coordinates":[[-71.0829941,42.7745729],[-71.082632,42.7752567]]}},{"type":"Feature","id":"haverhill-sanitary-pipes-0085","properties":{"type":"sewer","network":"sewer","assetType":"Gravity Main","label":"50\" Sanitary Gravity Main","depth":2.5,"depthSource":"nominal-demo","sourceLayer":"Sanitary Pipes","diameterIn":50.0,"id":"haverhill-sanitary-pipes-0085"},"geometry":{"type":"LineString","coordinates":[[-71.0849788,42.7751811],[-71.0849769,42.7751922]]}},{"type":"Feature","id":"haverhill-sanitary-pipes-0086","properties":{"type":"sewer","network":"sewer","assetType":"Gravity Main","label":"Sanitary Gravity Main","depth":2.5,"depthSource":"nominal-demo","sourceLayer":"Sanitary Pipes","material":"Brick","id":"haverhill-sanitary-pipes-0086"},"geometry":{"type":"LineString","coordinates":[[-71.0849969,42.7751437],[-71.0849788,42.7751811]]}},{"type":"Feature","id":"haverhill-sanitary-pipes-0087","properties":{"type":"sewer","network":"sewer","assetType":"Gravity Main","label":"18\" Sanitary Gravity Main","depth":2.5,"depthSource":"nominal-demo","sourceLayer":"Sanitary Pipes","diameterIn":18.0,"material":"Vitrified Clay","id":"haverhill-sanitary-pipes-0087"},"geometry":{"type":"LineString","coordinates":[[-71.0852521,42.77484],[-71.085114,42.7750254]]}},{"type":"Feature","id":"haverhill-sanitary-pipes-0088","properties":{"type":"sewer","network":"sewer","assetType":"Gravity Main","label":"24\" Sanitary Gravity Main","depth":2.5,"depthSource":"nominal-demo","sourceLayer":"Sanitary Pipes","diameterIn":24.0,"material":"Vitrified Clay","id":"haverhill-sanitary-pipes-0088"},"geometry":{"type":"LineString","coordinates":[[-71.0851168,42.7750872],[-71.085114,42.7750254]]}},{"type":"Feature","id":"haverhill-sanitary-pipes-0089","properties":{"type":"sewer","network":"sewer","assetType":"Gravity Main","label":"30\" Sanitary Gravity Main","depth":2.5,"depthSource":"nominal-demo","sourceLayer":"Sanitary Pipes","diameterIn":30.0,"material":"Vitrified Clay","id":"haverhill-sanitary-pipes-0089"},"geometry":{"type":"LineString","coordinates":[[-71.0851074,42.7750274],[-71.0850643,42.7750405]]}},{"type":"Feature","id":"haverhill-sanitary-pipes-0090","properties":{"type":"sewer","network":"sewer","assetType":"Gravity Main","label":"30\" Sanitary Gravity Main","depth":2.5,"depthSource":"nominal-demo","sourceLayer":"Sanitary Pipes","diameterIn":30.0,"id":"haverhill-sanitary-pipes-0090"},"geometry":{"type":"LineString","coordinates":[[-71.0850643,42.7750405],[-71.0850585,42.7750504]]}},{"type":"Feature","id":"haverhill-sanitary-pipes-0091","properties":{"type":"sewer","network":"sewer","assetType":"Gravity Main","label":"30\" Sanitary Gravity Main","depth":2.5,"depthSource":"nominal-demo","sourceLayer":"Sanitary Pipes","diameterIn":30.0,"material":"Cast Iron","id":"haverhill-sanitary-pipes-0091"},"geometry":{"type":"LineString","coordinates":[[-71.0850585,42.7750504],[-71.0850284,42.7750968]]}},{"type":"Feature","id":"haverhill-sanitary-pipes-0092","properties":{"type":"sewer","network":"sewer","assetType":"Gravity Main","label":"12\" Sanitary Gravity Main","depth":2.5,"depthSource":"nominal-demo","sourceLayer":"Sanitary Pipes","diameterIn":12.0,"material":"Ductile Iron","id":"haverhill-sanitary-pipes-0092"},"geometry":{"type":"LineString","coordinates":[[-71.0850449,42.7750089],[-71.0849384,42.7751696]]}},{"type":"Feature","id":"haverhill-sanitary-pipes-0093","properties":{"type":"sewer","network":"sewer","assetType":"Gravity Main","label":"12\" Sanitary Gravity Main","depth":2.5,"depthSource":"nominal-demo","sourceLayer":"Sanitary Pipes","diameterIn":12.0,"material":"Ductile Iron","id":"haverhill-sanitary-pipes-0093"},"geometry":{"type":"LineString","coordinates":[[-71.0851909,42.7748168],[-71.0850449,42.7750089]]}},{"type":"Feature","id":"haverhill-sanitary-pipes-0094","properties":{"type":"sewer","network":"sewer","assetType":"Gravity Main","label":"12\" Sanitary Gravity Main","depth":2.5,"depthSource":"nominal-demo","sourceLayer":"Sanitary Pipes","diameterIn":12.0,"material":"Vitrified Clay","id":"haverhill-sanitary-pipes-0094"},"geometry":{"type":"LineString","coordinates":[[-71.0834007,42.7745573],[-71.0830789,42.7744944]]}},{"type":"Feature","id":"haverhill-sanitary-pipes-0095","properties":{"type":"sewer","network":"sewer","assetType":"Gravity Main","label":"24\" Sanitary Gravity Main","depth":2.5,"depthSource":"nominal-demo","sourceLayer":"Sanitary Pipes","diameterIn":24.0,"material":"Brick","id":"haverhill-sanitary-pipes-0095"},"geometry":{"type":"LineString","coordinates":[[-71.0819135,42.7776497],[-71.0818919,42.7776659]]}},{"type":"Feature","id":"haverhill-sanitary-pipes-0096","properties":{"type":"sewer","network":"sewer","assetType":"Gravity Main","label":"12\" Sanitary Gravity Main","depth":2.5,"depthSource":"nominal-demo","sourceLayer":"Sanitary Pipes","diameterIn":12.0,"id":"haverhill-sanitary-pipes-0096"},"geometry":{"type":"LineString","coordinates":[[-71.0830766,42.7745767],[-71.0830723,42.7746068]]}},{"type":"Feature","id":"haverhill-sanitary-pipes-0097","properties":{"type":"sewer","network":"sewer","assetType":"Gravity Main","label":"10\" Sanitary Gravity Main","depth":2.5,"depthSource":"nominal-demo","sourceLayer":"Sanitary Pipes","diameterIn":10.0,"id":"haverhill-sanitary-pipes-0097"},"geometry":{"type":"LineString","coordinates":[[-71.0851233,42.7777746],[-71.0848061,42.7778089]]}},{"type":"Feature","id":"haverhill-sanitary-pipes-0098","properties":{"type":"sewer","network":"sewer","assetType":"Gravity Main","label":"48\" Sanitary Gravity Main","depth":2.5,"depthSource":"nominal-demo","sourceLayer":"Sanitary Pipes","diameterIn":48.0,"material":"Brick","id":"haverhill-sanitary-pipes-0098"},"geometry":{"type":"LineString","coordinates":[[-71.089425,42.7772445],[-71.089228,42.7769546]]}},{"type":"Feature","id":"haverhill-sanitary-pipes-0099","properties":{"type":"sewer","network":"sewer","assetType":"Gravity Main","label":"50\" Sanitary Gravity Main","depth":2.5,"depthSource":"nominal-demo","sourceLayer":"Sanitary Pipes","diameterIn":50.0,"material":"Brick","id":"haverhill-sanitary-pipes-0099"},"geometry":{"type":"LineString","coordinates":[[-71.0850217,42.7762881],[-71.0850215,42.7761613]]}},{"type":"Feature","id":"haverhill-sanitary-pipes-0100","properties":{"type":"sewer","network":"sewer","assetType":"Gravity Main","label":"30\" Sanitary Gravity Main","depth":2.5,"depthSource":"nominal-demo","sourceLayer":"Sanitary Pipes","diameterIn":30.0,"material":"Brick","id":"haverhill-sanitary-pipes-0100"},"geometry":{"type":"LineString","coordinates":[[-71.0863992,42.7776585],[-71.086084,42.7777093]]}},{"type":"Feature","id":"haverhill-sanitary-pipes-0101","properties":{"type":"sewer","network":"sewer","assetType":"Gravity Main","label":"24\" Sanitary Gravity Main","depth":2.5,"depthSource":"nominal-demo","sourceLayer":"Sanitary Pipes","diameterIn":24.0,"material":"Vitrified Clay","id":"haverhill-sanitary-pipes-0101"},"geometry":{"type":"LineString","coordinates":[[-71.0820716,42.7761555],[-71.0820675,42.7761781]]}},{"type":"Feature","id":"haverhill-sanitary-pipes-0102","properties":{"type":"sewer","network":"sewer","assetType":"Gravity Main","label":"20\" Sanitary Gravity Main","depth":2.5,"depthSource":"nominal-demo","sourceLayer":"Sanitary Pipes","diameterIn":20.0,"id":"haverhill-sanitary-pipes-0102"},"geometry":{"type":"LineString","coordinates":[[-71.0819976,42.7768516],[-71.081996,42.7768666],[-71.0819905,42.7769189]]}},{"type":"Feature","id":"haverhill-sanitary-pipes-0103","properties":{"type":"sewer","network":"sewer","assetType":"Gravity Main","label":"8\" Sanitary Gravity Main","depth":2.5,"depthSource":"nominal-demo","sourceLayer":"Sanitary Pipes","diameterIn":8.0,"material":"Clay","id":"haverhill-sanitary-pipes-0103"},"geometry":{"type":"LineString","coordinates":[[-71.0850677,42.7769586],[-71.0850534,42.7767177]]}},{"type":"Feature","id":"haverhill-sanitary-pipes-0104","properties":{"type":"sewer","network":"sewer","assetType":"Gravity Main","label":"12\" Sanitary Gravity Main","depth":2.5,"depthSource":"nominal-demo","sourceLayer":"Sanitary Pipes","diameterIn":12.0,"id":"haverhill-sanitary-pipes-0104"},"geometry":{"type":"LineString","coordinates":[[-71.0839359,42.776828],[-71.0839247,42.7769485]]}},{"type":"Feature","id":"haverhill-sanitary-pipes-0105","properties":{"type":"sewer","network":"sewer","assetType":"Gravity Main","label":"50\" Sanitary Gravity Main","depth":2.5,"depthSource":"nominal-demo","sourceLayer":"Sanitary Pipes","diameterIn":50.0,"material":"Brick","id":"haverhill-sanitary-pipes-0105"},"geometry":{"type":"LineString","coordinates":[[-71.0858261,42.7750576],[-71.0857302,42.7750229]]}},{"type":"Feature","id":"haverhill-sanitary-pipes-0106","properties":{"type":"sewer","network":"sewer","assetType":"Gravity Main","label":"Sanitary Gravity Main","depth":2.5,"depthSource":"nominal-demo","sourceLayer":"Sanitary Pipes","material":"Reinforced Concrete","id":"haverhill-sanitary-pipes-0106"},"geometry":{"type":"LineString","coordinates":[[-71.082118,42.7740035],[-71.0820576,42.7740107]]}},{"type":"Feature","id":"haverhill-sanitary-pipes-0107","properties":{"type":"sewer","network":"sewer","assetType":"Gravity Main","label":"8\" Sanitary Gravity Main","depth":2.5,"depthSource":"nominal-demo","sourceLayer":"Sanitary Pipes","diameterIn":8.0,"material":"Vitrified Clay","id":"haverhill-sanitary-pipes-0107"},"geometry":{"type":"LineString","coordinates":[[-71.0821763,42.7743602],[-71.0821643,42.7744479]]}},{"type":"Feature","id":"haverhill-sanitary-pipes-0108","properties":{"type":"sewer","network":"sewer","assetType":"Gravity Main","label":"6\" Sanitary Gravity Main","depth":2.5,"depthSource":"nominal-demo","sourceLayer":"Sanitary Pipes","diameterIn":6.0,"material":"Vitrified Clay","id":"haverhill-sanitary-pipes-0108"},"geometry":{"type":"LineString","coordinates":[[-71.0821995,42.7749686],[-71.0821554,42.7749682]]}},{"type":"Feature","id":"haverhill-sanitary-pipes-0109","properties":{"type":"sewer","network":"sewer","assetType":"Gravity Main","label":"12\" Sanitary Gravity Main","depth":2.5,"depthSource":"nominal-demo","sourceLayer":"Sanitary Pipes","diameterIn":12.0,"material":"Reinforced Concrete","id":"haverhill-sanitary-pipes-0109"},"geometry":{"type":"LineString","coordinates":[[-71.0822039,42.7746648],[-71.0821777,42.7745612]]}},{"type":"Feature","id":"haverhill-sanitary-pipes-0110","properties":{"type":"sewer","network":"sewer","assetType":"Gravity Main","label":"12\" Sanitary Gravity Main","depth":2.5,"depthSource":"nominal-demo","sourceLayer":"Sanitary Pipes","diameterIn":12.0,"material":"Reinforced Concrete","id":"haverhill-sanitary-pipes-0110"},"geometry":{"type":"LineString","coordinates":[[-71.0822039,42.7746648],[-71.0821688,42.7746667]]}},{"type":"Feature","id":"haverhill-sanitary-pipes-0111","properties":{"type":"sewer","network":"sewer","assetType":"Gravity Main","label":"12\" Sanitary Gravity Main","depth":2.5,"depthSource":"nominal-demo","sourceLayer":"Sanitary Pipes","diameterIn":12.0,"material":"High Density Polyethylene","id":"haverhill-sanitary-pipes-0111"},"geometry":{"type":"LineString","coordinates":[[-71.0866553,42.7766665],[-71.0864191,42.7766332]]}},{"type":"Feature","id":"haverhill-sanitary-pipes-0112","properties":{"type":"sewer","network":"sewer","assetType":"Gravity Main","label":"15\" Sanitary Gravity Main","depth":2.5,"depthSource":"nominal-demo","sourceLayer":"Sanitary Pipes","diameterIn":15.0,"material":"High Density Polyethylene","id":"haverhill-sanitary-pipes-0112"},"geometry":{"type":"LineString","coordinates":[[-71.0864191,42.7766332],[-71.0861715,42.7766034]]}},{"type":"Feature","id":"haverhill-sanitary-pipes-0113","properties":{"type":"sewer","network":"sewer","assetType":"Gravity Main","label":"15\" Sanitary Gravity Main","depth":2.5,"depthSource":"nominal-demo","sourceLayer":"Sanitary Pipes","diameterIn":15.0,"material":"High Density Polyethylene","id":"haverhill-sanitary-pipes-0113"},"geometry":{"type":"LineString","coordinates":[[-71.0861715,42.7766034],[-71.085927,42.7765639]]}},{"type":"Feature","id":"haverhill-sanitary-pipes-0114","properties":{"type":"sewer","network":"sewer","assetType":"Gravity Main","label":"15\" Sanitary Gravity Main","depth":2.5,"depthSource":"nominal-demo","sourceLayer":"Sanitary Pipes","diameterIn":15.0,"material":"High Density Polyethylene","id":"haverhill-sanitary-pipes-0114"},"geometry":{"type":"LineString","coordinates":[[-71.085927,42.7765639],[-71.0858985,42.7764485]]}},{"type":"Feature","id":"haverhill-sanitary-pipes-0115","properties":{"type":"sewer","network":"sewer","assetType":"Gravity Main","label":"12\" Sanitary Gravity Main","depth":2.5,"depthSource":"nominal-demo","sourceLayer":"Sanitary Pipes","diameterIn":12.0,"material":"High Density Polyethylene","id":"haverhill-sanitary-pipes-0115"},"geometry":{"type":"LineString","coordinates":[[-71.085688,42.7762771],[-71.0855579,42.776408]]}},{"type":"Feature","id":"haverhill-sanitary-pipes-0116","properties":{"type":"sewer","network":"sewer","assetType":"Gravity Main","label":"15\" Sanitary Gravity Main","depth":2.5,"depthSource":"nominal-demo","sourceLayer":"Sanitary Pipes","diameterIn":15.0,"material":"Ductile Iron","id":"haverhill-sanitary-pipes-0116"},"geometry":{"type":"LineString","coordinates":[[-71.085688,42.7762771],[-71.0856111,42.7762192]]}},{"type":"Feature","id":"haverhill-sanitary-pipes-0117","properties":{"type":"sewer","network":"sewer","assetType":"Gravity Main","label":"15\" Sanitary Gravity Main","depth":2.5,"depthSource":"nominal-demo","sourceLayer":"Sanitary Pipes","diameterIn":15.0,"material":"High Density Polyethylene","id":"haverhill-sanitary-pipes-0117"},"geometry":{"type":"LineString","coordinates":[[-71.0858985,42.7764485],[-71.085688,42.7762771]]}},{"type":"Feature","id":"haverhill-sanitary-pipes-0118","properties":{"type":"sewer","network":"sewer","assetType":"Gravity Main","label":"18\" Sanitary Gravity Main","depth":2.5,"depthSource":"nominal-demo","sourceLayer":"Sanitary Pipes","diameterIn":18.0,"material":"Vitrified Clay","id":"haverhill-sanitary-pipes-0118"},"geometry":{"type":"LineString","coordinates":[[-71.0864498,42.7762102],[-71.0862936,42.7761976]]}},{"type":"Feature","id":"haverhill-sanitary-pipes-0119","properties":{"type":"sewer","network":"sewer","assetType":"Gravity Main","label":"18\" Sanitary Gravity Main","depth":2.5,"depthSource":"nominal-demo","sourceLayer":"Sanitary Pipes","diameterIn":18.0,"material":"Vitrified Clay","id":"haverhill-sanitary-pipes-0119"},"geometry":{"type":"LineString","coordinates":[[-71.0862936,42.7761976],[-71.0859551,42.7761824]]}},{"type":"Feature","id":"haverhill-sanitary-pipes-0120","properties":{"type":"sewer","network":"sewer","assetType":"Gravity Main","label":"18\" Sanitary Gravity Main","depth":2.5,"depthSource":"nominal-demo","sourceLayer":"Sanitary Pipes","diameterIn":18.0,"material":"Vitrified Clay","id":"haverhill-sanitary-pipes-0120"},"geometry":{"type":"LineString","coordinates":[[-71.0859551,42.7761824],[-71.0856567,42.776154]]}},{"type":"Feature","id":"haverhill-sanitary-pipes-0121","properties":{"type":"sewer","network":"sewer","assetType":"Gravity Main","label":"24\" Sanitary Gravity Main","depth":2.5,"depthSource":"nominal-demo","sourceLayer":"Sanitary Pipes","diameterIn":24.0,"material":"Vitrified Clay","id":"haverhill-sanitary-pipes-0121"},"geometry":{"type":"LineString","coordinates":[[-71.0856567,42.776154],[-71.0856485,42.7761246]]}},{"type":"Feature","id":"haverhill-sanitary-pipes-0122","properties":{"type":"sewer","network":"sewer","assetType":"Gravity Main","label":"24\" Sanitary Gravity Main","depth":2.5,"depthSource":"nominal-demo","sourceLayer":"Sanitary Pipes","diameterIn":24.0,"material":"Vitrified Clay","id":"haverhill-sanitary-pipes-0122"},"geometry":{"type":"LineString","coordinates":[[-71.0856485,42.7761246],[-71.085585,42.7758555],[-71.0855613,42.7757181],[-71.0855203,42.775552],[-71.0854859,42.7753551]]}},{"type":"Feature","id":"haverhill-sanitary-pipes-0123","properties":{"type":"sewer","network":"sewer","assetType":"Gravity Main","label":"12\" Sanitary Gravity Main","depth":2.5,"depthSource":"nominal-demo","sourceLayer":"Sanitary Pipes","diameterIn":12.0,"material":"High Density Polyethylene","id":"haverhill-sanitary-pipes-0123"},"geometry":{"type":"LineString","coordinates":[[-71.0856998,42.7761447],[-71.0856485,42.7761246]]}},{"type":"Feature","id":"haverhill-sanitary-pipes-0124","properties":{"type":"sewer","network":"sewer","assetType":"Gravity Main","label":"15\" Sanitary Gravity Main","depth":2.5,"depthSource":"nominal-demo","sourceLayer":"Sanitary Pipes","diameterIn":15.0,"material":"High Density Polyethylene","id":"haverhill-sanitary-pipes-0124"},"geometry":{"type":"LineString","coordinates":[[-71.0856485,42.7761246],[-71.0856067,42.7761079]]}},{"type":"Feature","id":"haverhill-sanitary-pipes-0125","properties":{"type":"sewer","network":"sewer","assetType":"Gravity Main","label":"10\" Sanitary Gravity Main","depth":2.5,"depthSource":"nominal-demo","sourceLayer":"Sanitary Pipes","diameterIn":10.0,"material":"Cast Iron","id":"haverhill-sanitary-pipes-0125"},"geometry":{"type":"LineString","coordinates":[[-71.085665,42.7761719],[-71.0856111,42.7762192]]}},{"type":"Feature","id":"haverhill-sanitary-pipes-0126","properties":{"type":"sewer","network":"sewer","assetType":"Gravity Main","label":"Sanitary Gravity Main","depth":2.5,"depthSource":"nominal-demo","sourceLayer":"Sanitary Pipes","id":"haverhill-sanitary-pipes-0126"},"geometry":{"type":"LineString","coordinates":[[-71.085665,42.7761719],[-71.0856567,42.776154]]}},{"type":"Feature","id":"haverhill-sanitary-pipes-0127","properties":{"type":"sewer","network":"sewer","assetType":"Gravity Main","label":"12\" Sanitary Gravity Main","depth":2.5,"depthSource":"nominal-demo","sourceLayer":"Sanitary Pipes","diameterIn":12.0,"material":"High Density Polyethylene","id":"haverhill-sanitary-pipes-0127"},"geometry":{"type":"LineString","coordinates":[[-71.085909,42.776021],[-71.0858426,42.7757794]]}},{"type":"Feature","id":"haverhill-sanitary-pipes-0128","properties":{"type":"sewer","network":"sewer","assetType":"Gravity Main","label":"12\" Sanitary Gravity Main","depth":2.5,"depthSource":"nominal-demo","sourceLayer":"Sanitary Pipes","diameterIn":12.0,"material":"High Density Polyethylene","id":"haverhill-sanitary-pipes-0128"},"geometry":{"type":"LineString","coordinates":[[-71.0859551,42.7761824],[-71.085909,42.776021]]}},{"type":"Feature","id":"haverhill-sanitary-pipes-0129","properties":{"type":"sewer","network":"sewer","assetType":"Gravity Main","label":"12\" Sanitary Gravity Main","depth":2.5,"depthSource":"nominal-demo","sourceLayer":"Sanitary Pipes","diameterIn":12.0,"material":"High Density Polyethylene","id":"haverhill-sanitary-pipes-0129"},"geometry":{"type":"LineString","coordinates":[[-71.0855319,42.7759296],[-71.085518,42.7758462]]}},{"type":"Feature","id":"haverhill-sanitary-pipes-0130","properties":{"type":"sewer","network":"sewer","assetType":"Gravity Main","label":"15\" Sanitary Gravity Main","depth":2.5,"depthSource":"nominal-demo","sourceLayer":"Sanitary Pipes","diameterIn":15.0,"material":"Ductile Iron","id":"haverhill-sanitary-pipes-0130"},"geometry":{"type":"LineString","coordinates":[[-71.0855842,42.7761027],[-71.0855319,42.7759296]]}},{"type":"Feature","id":"haverhill-sanitary-pipes-0131","properties":{"type":"sewer","network":"sewer","assetType":"Gravity Main","label":"15\" Sanitary Gravity Main","depth":2.5,"depthSource":"nominal-demo","sourceLayer":"Sanitary Pipes","diameterIn":15.0,"material":"High Density Polyethylene","id":"haverhill-sanitary-pipes-0131"},"geometry":{"type":"LineString","coordinates":[[-71.0856067,42.7761079],[-71.0855842,42.7761027]]}},{"type":"Feature","id":"haverhill-sanitary-pipes-0132","properties":{"type":"sewer","network":"sewer","assetType":"Gravity Main","label":"12\" Sanitary Gravity Main","depth":2.5,"depthSource":"nominal-demo","sourceLayer":"Sanitary Pipes","diameterIn":12.0,"material":"High Density Polyethylene","id":"haverhill-sanitary-pipes-0132"},"geometry":{"type":"LineString","coordinates":[[-71.0854195,42.7754673],[-71.0854048,42.7754475]]}},{"type":"Feature","id":"haverhill-sanitary-pipes-0133","properties":{"type":"sewer","network":"sewer","assetType":"Gravity Main","label":"10\" Sanitary Gravity Main","depth":2.5,"depthSource":"nominal-demo","sourceLayer":"Sanitary Pipes","diameterIn":10.0,"material":"Vitrified Clay","id":"haverhill-sanitary-pipes-0133"},"geometry":{"type":"LineString","coordinates":[[-71.0854048,42.7754475],[-71.0854009,42.7754265]]}},{"type":"Feature","id":"haverhill-sanitary-pipes-0134","properties":{"type":"sewer","network":"sewer","assetType":"Gravity Main","label":"10\" Sanitary Gravity Main","depth":2.5,"depthSource":"nominal-demo","sourceLayer":"Sanitary Pipes","diameterIn":10.0,"material":"Cast Iron","id":"haverhill-sanitary-pipes-0134"},"geometry":{"type":"LineString","coordinates":[[-71.0854654,42.7753803],[-71.0854009,42.7754265]]}},{"type":"Feature","id":"haverhill-sanitary-pipes-0135","properties":{"type":"sewer","network":"sewer","assetType":"Gravity Main","label":"10\" Sanitary Gravity Main","depth":2.5,"depthSource":"nominal-demo","sourceLayer":"Sanitary Pipes","diameterIn":10.0,"material":"Vitrified Clay","id":"haverhill-sanitary-pipes-0135"},"geometry":{"type":"LineString","coordinates":[[-71.0854859,42.7753551],[-71.0854654,42.7753803]]}},{"type":"Feature","id":"haverhill-sanitary-pipes-0136","properties":{"type":"sewer","network":"sewer","assetType":"Gravity Main","label":"24\" Sanitary Gravity Main","depth":2.5,"depthSource":"nominal-demo","sourceLayer":"Sanitary Pipes","diameterIn":24.0,"material":"Vitrified Clay","id":"haverhill-sanitary-pipes-0136"},"geometry":{"type":"LineString","coordinates":[[-71.0854859,42.7753551],[-71.0853606,42.7752304],[-71.0851168,42.7750872]]}},{"type":"Feature","id":"haverhill-sanitary-pipes-0137","properties":{"type":"sewer","network":"sewer","assetType":"Gravity Main","label":"12\" Sanitary Gravity Main","depth":2.5,"depthSource":"nominal-demo","sourceLayer":"Sanitary Pipes","diameterIn":12.0,"material":"High Density Polyethylene","id":"haverhill-sanitary-pipes-0137"},"geometry":{"type":"LineString","coordinates":[[-71.0854859,42.7753551],[-71.0854778,42.7753267]]}},{"type":"Feature","id":"haverhill-sanitary-pipes-0138","properties":{"type":"sewer","network":"sewer","assetType":"Gravity Main","label":"10\" Sanitary Gravity Main","depth":2.5,"depthSource":"nominal-demo","sourceLayer":"Sanitary Pipes","diameterIn":10.0,"material":"Vitrified Clay","id":"haverhill-sanitary-pipes-0138"},"geometry":{"type":"LineString","coordinates":[[-71.0854361,42.7755826],[-71.0854048,42.7754475]]}},{"type":"Feature","id":"haverhill-sanitary-pipes-0139","properties":{"type":"sewer","network":"sewer","assetType":"Gravity Main","label":"18\" Sanitary Gravity Main","depth":2.5,"depthSource":"nominal-demo","sourceLayer":"Sanitary Pipes","diameterIn":18.0,"material":"Vitrified Clay","id":"haverhill-sanitary-pipes-0139"},"geometry":{"type":"LineString","coordinates":[[-71.085114,42.7750254],[-71.0850855,42.7750647]]}},{"type":"Feature","id":"haverhill-sanitary-pipes-0140","properties":{"type":"sewer","network":"sewer","assetType":"Gravity Main","label":"18\" Sanitary Gravity Main","depth":2.5,"depthSource":"nominal-demo","sourceLayer":"Sanitary Pipes","diameterIn":18.0,"id":"haverhill-sanitary-pipes-0140"},"geometry":{"type":"LineString","coordinates":[[-71.0830723,42.7746068],[-71.0829941,42.7745729]]}},{"type":"Feature","id":"haverhill-sanitary-pipes-0141","properties":{"type":"sewer","network":"sewer","assetType":"Gravity Main","label":"24\" Sanitary Gravity Main","depth":2.5,"depthSource":"nominal-demo","sourceLayer":"Sanitary Pipes","diameterIn":24.0,"material":"Reinforced Concrete","id":"haverhill-sanitary-pipes-0141"},"geometry":{"type":"LineString","coordinates":[[-71.082997,42.7745676],[-71.0829941,42.7745729]]}},{"type":"Feature","id":"haverhill-sanitary-pipes-0142","properties":{"type":"sewer","network":"sewer","assetType":"Gravity Main","label":"18\" Sanitary Gravity Main","depth":2.5,"depthSource":"nominal-demo","sourceLayer":"Sanitary Pipes","diameterIn":18.0,"id":"haverhill-sanitary-pipes-0142"},"geometry":{"type":"LineString","coordinates":[[-71.0835185,42.7748474],[-71.0832029,42.7747562]]}},{"type":"Feature","id":"haverhill-sanitary-pipes-0143","properties":{"type":"sewer","network":"sewer","assetType":"Gravity Main","label":"15\" Sanitary Gravity Main","depth":2.5,"depthSource":"nominal-demo","sourceLayer":"Sanitary Pipes","diameterIn":15.0,"id":"haverhill-sanitary-pipes-0143"},"geometry":{"type":"LineString","coordinates":[[-71.0837729,42.7749085],[-71.0835185,42.7748474]]}},{"type":"Feature","id":"haverhill-sanitary-pipes-0144","properties":{"type":"sewer","network":"sewer","assetType":"Gravity Main","label":"15\" Sanitary Gravity Main","depth":2.5,"depthSource":"nominal-demo","sourceLayer":"Sanitary Pipes","diameterIn":15.0,"id":"haverhill-sanitary-pipes-0144"},"geometry":{"type":"LineString","coordinates":[[-71.0837729,42.7749085],[-71.0837563,42.7749395]]}},{"type":"Feature","id":"haverhill-sanitary-pipes-0145","properties":{"type":"sewer","network":"sewer","assetType":"Gravity Main","label":"15\" Sanitary Gravity Main","depth":2.5,"depthSource":"nominal-demo","sourceLayer":"Sanitary Pipes","diameterIn":15.0,"id":"haverhill-sanitary-pipes-0145"},"geometry":{"type":"LineString","coordinates":[[-71.0837563,42.7749395],[-71.0837328,42.7750947]]}},{"type":"Feature","id":"haverhill-sanitary-pipes-0146","properties":{"type":"sewer","network":"sewer","assetType":"Gravity Main","label":"12\" Sanitary Gravity Main","depth":2.5,"depthSource":"nominal-demo","sourceLayer":"Sanitary Pipes","diameterIn":12.0,"id":"haverhill-sanitary-pipes-0146"},"geometry":{"type":"LineString","coordinates":[[-71.084077,42.7752018],[-71.0837328,42.7750947]]}},{"type":"Feature","id":"haverhill-sanitary-pipes-0147","properties":{"type":"sewer","network":"sewer","assetType":"Gravity Main","label":"12\" Sanitary Gravity Main","depth":2.5,"depthSource":"nominal-demo","sourceLayer":"Sanitary Pipes","diameterIn":12.0,"id":"haverhill-sanitary-pipes-0147"},"geometry":{"type":"LineString","coordinates":[[-71.0841732,42.7752341],[-71.084077,42.7752018]]}},{"type":"Feature","id":"haverhill-sanitary-pipes-0148","properties":{"type":"sewer","network":"sewer","assetType":"Gravity Main","label":"12\" Sanitary Gravity Main","depth":2.5,"depthSource":"nominal-demo","sourceLayer":"Sanitary Pipes","diameterIn":12.0,"id":"haverhill-sanitary-pipes-0148"},"geometry":{"type":"LineString","coordinates":[[-71.0841818,42.7752113],[-71.0841732,42.7752341]]}},{"type":"Feature","id":"haverhill-sanitary-pipes-0149","properties":{"type":"sewer","network":"sewer","assetType":"Gravity Main","label":"12\" Sanitary Gravity Main","depth":2.5,"depthSource":"nominal-demo","sourceLayer":"Sanitary Pipes","diameterIn":12.0,"id":"haverhill-sanitary-pipes-0149"},"geometry":{"type":"LineString","coordinates":[[-71.0834394,42.775067],[-71.083158,42.7749598]]}},{"type":"Feature","id":"haverhill-sanitary-pipes-0150","properties":{"type":"sewer","network":"sewer","assetType":"Gravity Main","label":"8\" Sanitary Gravity Main","depth":2.5,"depthSource":"nominal-demo","sourceLayer":"Sanitary Pipes","diameterIn":8.0,"id":"haverhill-sanitary-pipes-0150"},"geometry":{"type":"LineString","coordinates":[[-71.0834394,42.775067],[-71.0834339,42.775085]]}},{"type":"Feature","id":"haverhill-sanitary-pipes-0151","properties":{"type":"sewer","network":"sewer","assetType":"Gravity Main","label":"8\" Sanitary Gravity Main","depth":2.5,"depthSource":"nominal-demo","sourceLayer":"Sanitary Pipes","diameterIn":8.0,"id":"haverhill-sanitary-pipes-0151"},"geometry":{"type":"LineString","coordinates":[[-71.0834628,42.7750298],[-71.0834394,42.775067]]}},{"type":"Feature","id":"haverhill-sanitary-pipes-0152","properties":{"type":"sewer","network":"sewer","assetType":"Gravity Main","label":"8\" Sanitary Gravity Main","depth":2.5,"depthSource":"nominal-demo","sourceLayer":"Sanitary Pipes","diameterIn":8.0,"id":"haverhill-sanitary-pipes-0152"},"geometry":{"type":"LineString","coordinates":[[-71.0831613,42.7751984],[-71.0831437,42.7751925]]}},{"type":"Feature","id":"haverhill-sanitary-pipes-0153","properties":{"type":"sewer","network":"sewer","assetType":"Gravity Main","label":"8\" Sanitary Gravity Main","depth":2.5,"depthSource":"nominal-demo","sourceLayer":"Sanitary Pipes","diameterIn":8.0,"id":"haverhill-sanitary-pipes-0153"},"geometry":{"type":"LineString","coordinates":[[-71.0831437,42.7751925],[-71.0830948,42.7751794]]}},{"type":"Feature","id":"haverhill-sanitary-pipes-0154","properties":{"type":"sewer","network":"sewer","assetType":"Gravity Main","label":"12\" Sanitary Gravity Main","depth":2.5,"depthSource":"nominal-demo","sourceLayer":"Sanitary Pipes","diameterIn":12.0,"id":"haverhill-sanitary-pipes-0154"},"geometry":{"type":"LineString","coordinates":[[-71.083158,42.7749598],[-71.0830251,42.7749742]]}},{"type":"Feature","id":"haverhill-sanitary-pipes-0155","properties":{"type":"sewer","network":"sewer","assetType":"Gravity Main","label":"8\" Sanitary Gravity Main","depth":2.5,"depthSource":"nominal-demo","sourceLayer":"Sanitary Pipes","diameterIn":8.0,"id":"haverhill-sanitary-pipes-0155"},"geometry":{"type":"LineString","coordinates":[[-71.0830251,42.7749742],[-71.0830025,42.7750064]]}},{"type":"Feature","id":"haverhill-sanitary-pipes-0156","properties":{"type":"sewer","network":"sewer","assetType":"Gravity Main","label":"8\" Sanitary Gravity Main","depth":2.5,"depthSource":"nominal-demo","sourceLayer":"Sanitary Pipes","diameterIn":8.0,"id":"haverhill-sanitary-pipes-0156"},"geometry":{"type":"LineString","coordinates":[[-71.0830311,42.774956],[-71.0830251,42.7749742]]}},{"type":"Feature","id":"haverhill-sanitary-pipes-0157","properties":{"type":"sewer","network":"sewer","assetType":"Gravity Main","label":"8\" Sanitary Gravity Main","depth":2.5,"depthSource":"nominal-demo","sourceLayer":"Sanitary Pipes","diameterIn":8.0,"id":"haverhill-sanitary-pipes-0157"},"geometry":{"type":"LineString","coordinates":[[-71.0830483,42.7749227],[-71.0830311,42.774956]]}},{"type":"Feature","id":"haverhill-sanitary-pipes-0158","properties":{"type":"sewer","network":"sewer","assetType":"Gravity Main","label":"8\" Sanitary Gravity Main","depth":2.5,"depthSource":"nominal-demo","sourceLayer":"Sanitary Pipes","diameterIn":8.0,"id":"haverhill-sanitary-pipes-0158"},"geometry":{"type":"LineString","coordinates":[[-71.0830727,42.7748774],[-71.0830483,42.7749227]]}},{"type":"Feature","id":"haverhill-sanitary-pipes-0159","properties":{"type":"sewer","network":"sewer","assetType":"Gravity Main","label":"8\" Sanitary Gravity Main","depth":2.5,"depthSource":"nominal-demo","sourceLayer":"Sanitary Pipes","diameterIn":8.0,"material":"Polyvinyl Chloride","id":"haverhill-sanitary-pipes-0159"},"geometry":{"type":"LineString","coordinates":[[-71.0841776,42.775311],[-71.0840145,42.7752952]]}},{"type":"Feature","id":"haverhill-sanitary-pipes-0160","properties":{"type":"sewer","network":"sewer","assetType":"Gravity Main","label":"8\" Sanitary Gravity Main","depth":2.5,"depthSource":"nominal-demo","sourceLayer":"Sanitary Pipes","diameterIn":8.0,"material":"Polyvinyl Chloride","id":"haverhill-sanitary-pipes-0160"},"geometry":{"type":"LineString","coordinates":[[-71.0840145,42.7752952],[-71.0835434,42.7754116]]}},{"type":"Feature","id":"haverhill-sanitary-pipes-0161","properties":{"type":"sewer","network":"sewer","assetType":"Gravity Main","label":"15\" Sanitary Gravity Main","depth":2.5,"depthSource":"nominal-demo","sourceLayer":"Sanitary Pipes","diameterIn":15.0,"id":"haverhill-sanitary-pipes-0161"},"geometry":{"type":"LineString","coordinates":[[-71.0840589,42.7757168],[-71.0840165,42.7761816]]}},{"type":"Feature","id":"haverhill-sanitary-pipes-0162","properties":{"type":"sewer","network":"sewer","assetType":"Gravity Main","label":"12\" Sanitary Gravity Main","depth":2.5,"depthSource":"nominal-demo","sourceLayer":"Sanitary Pipes","diameterIn":12.0,"material":"Vitrified Clay","id":"haverhill-sanitary-pipes-0162"},"geometry":{"type":"LineString","coordinates":[[-71.0827998,42.7744871],[-71.0826701,42.7744451]]}},{"type":"Feature","id":"haverhill-sanitary-pipes-0163","properties":{"type":"sewer","network":"sewer","assetType":"Gravity Main","label":"6\" Sanitary Gravity Main","depth":2.5,"depthSource":"nominal-demo","sourceLayer":"Sanitary Pipes","diameterIn":6.0,"material":"Cast Iron","id":"haverhill-sanitary-pipes-0163"},"geometry":{"type":"LineString","coordinates":[[-71.0825979,42.7744049],[-71.0825953,42.7743849]]}},{"type":"Feature","id":"haverhill-sanitary-pipes-0164","properties":{"type":"sewer","network":"sewer","assetType":"Gravity Main","label":"Sanitary Gravity Main","depth":2.5,"depthSource":"nominal-demo","sourceLayer":"Sanitary Pipes","id":"haverhill-sanitary-pipes-0164"},"geometry":{"type":"LineString","coordinates":[[-71.0824432,42.7743129],[-71.0824222,42.7741907]]}},{"type":"Feature","id":"haverhill-sanitary-pipes-0165","properties":{"type":"sewer","network":"sewer","assetType":"Gravity Main","label":"8\" Sanitary Gravity Main","depth":2.5,"depthSource":"nominal-demo","sourceLayer":"Sanitary Pipes","diameterIn":8.0,"material":"Polyvinyl Chloride","id":"haverhill-sanitary-pipes-0165"},"geometry":{"type":"LineString","coordinates":[[-71.082818,42.7744351],[-71.0827998,42.7744871]]}},{"type":"Feature","id":"haverhill-sanitary-pipes-0166","properties":{"type":"sewer","network":"sewer","assetType":"Gravity Main","label":"18\" Sanitary Gravity Main","depth":2.5,"depthSource":"nominal-demo","sourceLayer":"Sanitary Pipes","diameterIn":18.0,"material":"Vitrified Clay","id":"haverhill-sanitary-pipes-0166"},"geometry":{"type":"LineString","coordinates":[[-71.0833701,42.7740962],[-71.0831526,42.7744019]]}},{"type":"Feature","id":"haverhill-sanitary-pipes-0167","properties":{"type":"sewer","network":"sewer","assetType":"Gravity Main","label":"12\" Sanitary Gravity Main","depth":2.5,"depthSource":"nominal-demo","sourceLayer":"Sanitary Pipes","diameterIn":12.0,"material":"Reinforced Concrete","id":"haverhill-sanitary-pipes-0167"},"geometry":{"type":"LineString","coordinates":[[-71.0892615,42.7769478],[-71.0891912,42.7769539]]}},{"type":"Feature","id":"haverhill-sanitary-pipes-0168","properties":{"type":"sewer","network":"sewer","assetType":"Gravity Main","label":"42\" Sanitary Gravity Main","depth":2.5,"depthSource":"nominal-demo","sourceLayer":"Sanitary Pipes","diameterIn":42.0,"material":"Reinforced Concrete","id":"haverhill-sanitary-pipes-0168"},"geometry":{"type":"LineString","coordinates":[[-71.0893185,42.7770471],[-71.0892795,42.7769969]]}},{"type":"Feature","id":"haverhill-sanitary-pipes-0169","properties":{"type":"sewer","network":"sewer","assetType":"Gravity Main","label":"8\" Sanitary Gravity Main","depth":2.5,"depthSource":"nominal-demo","sourceLayer":"Sanitary Pipes","diameterIn":8.0,"material":"Polyvinyl Chloride","id":"haverhill-sanitary-pipes-0169"},"geometry":{"type":"LineString","coordinates":[[-71.0857302,42.7750229],[-71.0856617,42.7751119]]}},{"type":"Feature","id":"haverhill-sanitary-pipes-0170","properties":{"type":"sewer","network":"sewer","assetType":"Gravity Main","label":"6\" Sanitary Gravity Main","depth":2.5,"depthSource":"nominal-demo","sourceLayer":"Sanitary Pipes","diameterIn":6.0,"material":"Polyvinyl Chloride","id":"haverhill-sanitary-pipes-0170"},"geometry":{"type":"LineString","coordinates":[[-71.085237,42.7749204],[-71.0851338,42.7750705]]}},{"type":"Feature","id":"haverhill-sanitary-pipes-0171","properties":{"type":"sewer","network":"sewer","assetType":"Gravity Main","label":"6\" Sanitary Gravity Main","depth":2.5,"depthSource":"nominal-demo","sourceLayer":"Sanitary Pipes","diameterIn":6.0,"material":"Polyvinyl Chloride","id":"haverhill-sanitary-pipes-0171"},"geometry":{"type":"LineString","coordinates":[[-71.0851338,42.7750705],[-71.0850855,42.7750647]]}},{"type":"Feature","id":"haverhill-sanitary-pipes-0172","properties":{"type":"sewer","network":"sewer","assetType":"Gravity Main","label":"8\" Sanitary Gravity Main","depth":2.5,"depthSource":"nominal-demo","sourceLayer":"Sanitary Pipes","diameterIn":8.0,"material":"Polyvinyl Chloride","id":"haverhill-sanitary-pipes-0172"},"geometry":{"type":"LineString","coordinates":[[-71.0843342,42.7770899],[-71.0840425,42.7770748]]}},{"type":"Feature","id":"haverhill-sanitary-pipes-0173","properties":{"type":"sewer","network":"sewer","assetType":"Gravity Main","label":"10\" Sanitary Gravity Main","depth":2.5,"depthSource":"nominal-demo","sourceLayer":"Sanitary Pipes","diameterIn":10.0,"material":"Polyvinyl Chloride","id":"haverhill-sanitary-pipes-0173"},"geometry":{"type":"LineString","coordinates":[[-71.0840425,42.7770748],[-71.0839247,42.7769485]]}},{"type":"Feature","id":"haverhill-sanitary-pipes-0174","properties":{"type":"sewer","network":"sewer","assetType":"Gravity Main","label":"10\" Sanitary Gravity Main","depth":2.5,"depthSource":"nominal-demo","sourceLayer":"Sanitary Pipes","diameterIn":10.0,"material":"Polyvinyl Chloride","id":"haverhill-sanitary-pipes-0174"},"geometry":{"type":"LineString","coordinates":[[-71.0840443,42.7770924],[-71.0840425,42.7770748]]}},{"type":"Feature","id":"haverhill-sanitary-pipes-0175","properties":{"type":"sewer","network":"sewer","assetType":"Gravity Main","label":"24\" Sanitary Gravity Main","depth":2.5,"depthSource":"nominal-demo","sourceLayer":"Sanitary Pipes","diameterIn":24.0,"material":"Reinforced Concrete","id":"haverhill-sanitary-pipes-0175"},"geometry":{"type":"LineString","coordinates":[[-71.0822629,42.775236],[-71.0821719,42.7752349]]}},{"type":"Feature","id":"haverhill-sanitary-pipes-0176","properties":{"type":"sewer","network":"sewer","assetType":"Gravity Main","label":"8\" Sanitary Gravity Main","depth":2.5,"depthSource":"nominal-demo","sourceLayer":"Sanitary Pipes","diameterIn":8.0,"material":"Clay","id":"haverhill-sanitary-pipes-0176"},"geometry":{"type":"LineString","coordinates":[[-71.0880519,42.7761469],[-71.0880479,42.7761474]]}},{"type":"Feature","id":"haverhill-sanitary-pipes-0177","properties":{"type":"sewer","network":"sewer","assetType":"Gravity Main","label":"Sanitary Gravity Main","depth":2.5,"depthSource":"nominal-demo","sourceLayer":"Sanitary Pipes","id":"haverhill-sanitary-pipes-0177"},"geometry":{"type":"LineString","coordinates":[[-71.0850217,42.7762881],[-71.0849123,42.7763158]]}},{"type":"Feature","id":"haverhill-sanitary-pipes-0178","properties":{"type":"sewer","network":"sewer","assetType":"Gravity Main","label":"12\" Sanitary Gravity Main","depth":2.5,"depthSource":"nominal-demo","sourceLayer":"Sanitary Pipes","diameterIn":12.0,"material":"Brick","id":"haverhill-sanitary-pipes-0178"},"geometry":{"type":"LineString","coordinates":[[-71.0831727,42.7761753],[-71.0828989,42.7761611]]}},{"type":"Feature","id":"haverhill-sanitary-pipes-0179","properties":{"type":"sewer","network":"sewer","assetType":"Gravity Main","label":"12\" Sanitary Gravity Main","depth":2.5,"depthSource":"nominal-demo","sourceLayer":"Sanitary Pipes","diameterIn":12.0,"material":"Brick","id":"haverhill-sanitary-pipes-0179"},"geometry":{"type":"LineString","coordinates":[[-71.0837412,42.7762046],[-71.0835691,42.7761957]]}},{"type":"Feature","id":"haverhill-sanitary-pipes-0180","properties":{"type":"sewer","network":"sewer","assetType":"Gravity Main","label":"8\" Sanitary Gravity Main","depth":2.5,"depthSource":"nominal-demo","sourceLayer":"Sanitary Pipes","diameterIn":8.0,"material":"Polyvinyl Chloride","id":"haverhill-sanitary-pipes-0180"},"geometry":{"type":"LineString","coordinates":[[-71.0831727,42.7761753],[-71.0831313,42.7765157]]}},{"type":"Feature","id":"haverhill-sanitary-pipes-0181","properties":{"type":"sewer","network":"sewer","assetType":"Gravity Main","label":"8\" Sanitary Gravity Main","depth":2.5,"depthSource":"nominal-demo","sourceLayer":"Sanitary Pipes","diameterIn":8.0,"material":"Polyvinyl Chloride","id":"haverhill-sanitary-pipes-0181"},"geometry":{"type":"LineString","coordinates":[[-71.0835691,42.7761957],[-71.0835334,42.7765351]]}},{"type":"Feature","id":"haverhill-sanitary-pipes-0182","properties":{"type":"sewer","network":"sewer","assetType":"Gravity Main","label":"6\" Sanitary Gravity Main","depth":2.5,"depthSource":"nominal-demo","sourceLayer":"Sanitary Pipes","diameterIn":6.0,"material":"Polyethylene","id":"haverhill-sanitary-pipes-0182"},"geometry":{"type":"LineString","coordinates":[[-71.083118,42.7762088],[-71.0831162,42.7762419]]}},{"type":"Feature","id":"haverhill-sanitary-pipes-0183","properties":{"type":"sewer","network":"sewer","assetType":"Gravity Main","label":"6\" Sanitary Gravity Main","depth":2.5,"depthSource":"nominal-demo","sourceLayer":"Sanitary Pipes","diameterIn":6.0,"material":"Polyethylene","id":"haverhill-sanitary-pipes-0183"},"geometry":{"type":"LineString","coordinates":[[-71.0835345,42.7762319],[-71.0835233,42.7762634]]}},{"type":"Feature","id":"haverhill-sanitary-pipes-0184","properties":{"type":"sewer","network":"sewer","assetType":"Gravity Main","label":"Sanitary Gravity Main","depth":2.5,"depthSource":"nominal-demo","sourceLayer":"Sanitary Pipes","material":"Polyethylene","id":"haverhill-sanitary-pipes-0184"},"geometry":{"type":"LineString","coordinates":[[-71.0835345,42.7762319],[-71.083118,42.7762088]]}},{"type":"Feature","id":"haverhill-sanitary-pipes-0185","properties":{"type":"sewer","network":"sewer","assetType":"Gravity Main","label":"12\" Sanitary Gravity Main","depth":2.5,"depthSource":"nominal-demo","sourceLayer":"Sanitary Pipes","diameterIn":12.0,"material":"Polyethylene","id":"haverhill-sanitary-pipes-0185"},"geometry":{"type":"LineString","coordinates":[[-71.0839029,42.7762556],[-71.0835345,42.7762319]]}},{"type":"Feature","id":"haverhill-sanitary-pipes-0186","properties":{"type":"sewer","network":"sewer","assetType":"Gravity Main","label":"12\" Sanitary Gravity Main","depth":2.5,"depthSource":"nominal-demo","sourceLayer":"Sanitary Pipes","diameterIn":12.0,"material":"Concrete","id":"haverhill-sanitary-pipes-0186"},"geometry":{"type":"LineString","coordinates":[[-71.0840104,42.7762282],[-71.0839029,42.7762556]]}},{"type":"Feature","id":"haverhill-sanitary-pipes-0187","properties":{"type":"sewer","network":"sewer","assetType":"Gravity Main","label":"15\" Sanitary Gravity Main","depth":2.5,"depthSource":"nominal-demo","sourceLayer":"Sanitary Pipes","diameterIn":15.0,"material":"Reinforced Concrete","id":"haverhill-sanitary-pipes-0187"},"geometry":{"type":"LineString","coordinates":[[-71.0848957,42.7760855],[-71.0848904,42.7762094]]}},{"type":"Feature","id":"haverhill-sanitary-points-0001","properties":{"type":"manhole","network":"sewer","assetType":"Manhole","label":"Sanitary Manhole","depth":0.0,"depthSource":"nominal-demo","sourceLayer":"Sanitary Points","id":"haverhill-sanitary-points-0001"},"geometry":{"type":"Point","coordinates":[-71.0851233,42.7777746]}},{"type":"Feature","id":"haverhill-sanitary-points-0002","properties":{"type":"manhole","network":"sewer","assetType":"Manhole","label":"Sanitary Manhole","depth":0.0,"depthSource":"nominal-demo","sourceLayer":"Sanitary Points","id":"haverhill-sanitary-points-0002"},"geometry":{"type":"Point","coordinates":[-71.0860413,42.7777017]}},{"type":"Feature","id":"haverhill-sanitary-points-0003","properties":{"type":"manhole","network":"sewer","assetType":"Manhole","label":"Sanitary Manhole","depth":0.0,"depthSource":"nominal-demo","sourceLayer":"Sanitary Points","id":"haverhill-sanitary-points-0003"},"geometry":{"type":"Point","coordinates":[-71.0838527,42.7777809]}},{"type":"Feature","id":"haverhill-sanitary-points-0004","properties":{"type":"manhole","network":"sewer","assetType":"Manhole","label":"Sanitary Manhole","depth":0.0,"depthSource":"nominal-demo","sourceLayer":"Sanitary Points","id":"haverhill-sanitary-points-0004"},"geometry":{"type":"Point","coordinates":[-71.0835364,42.777755]}},{"type":"Feature","id":"haverhill-sanitary-points-0005","properties":{"type":"manhole","network":"sewer","assetType":"Manhole","label":"Sanitary Manhole","depth":0.0,"depthSource":"nominal-demo","sourceLayer":"Sanitary Points","id":"haverhill-sanitary-points-0005"},"geometry":{"type":"Point","coordinates":[-71.0826968,42.7776922]}},{"type":"Feature","id":"haverhill-sanitary-points-0006","properties":{"type":"manhole","network":"sewer","assetType":"Manhole","label":"Sanitary Manhole","depth":0.0,"depthSource":"nominal-demo","sourceLayer":"Sanitary Points","id":"haverhill-sanitary-points-0006"},"geometry":{"type":"Point","coordinates":[-71.0867841,42.7776139]}},{"type":"Feature","id":"haverhill-sanitary-points-0007","properties":{"type":"manhole","network":"sewer","assetType":"Manhole","label":"Sanitary Manhole","depth":0.0,"depthSource":"nominal-demo","sourceLayer":"Sanitary Points","id":"haverhill-sanitary-points-0007"},"geometry":{"type":"Point","coordinates":[-71.0864586,42.7772611]}},{"type":"Feature","id":"haverhill-sanitary-points-0008","properties":{"type":"manhole","network":"sewer","assetType":"Manhole","label":"Sanitary Manhole","depth":0.0,"depthSource":"nominal-demo","sourceLayer":"Sanitary Points","id":"haverhill-sanitary-points-0008"},"geometry":{"type":"Point","coordinates":[-71.0839247,42.7769485]}},{"type":"Feature","id":"haverhill-sanitary-points-0009","properties":{"type":"manhole","network":"sewer","assetType":"Manhole","label":"Sanitary Manhole","depth":0.0,"depthSource":"nominal-demo","sourceLayer":"Sanitary Points","id":"haverhill-sanitary-points-0009"},"geometry":{"type":"Point","coordinates":[-71.0840165,42.7761816]}},{"type":"Feature","id":"haverhill-sanitary-points-0010","properties":{"type":"manhole","network":"sewer","assetType":"Manhole","label":"Sanitary Manhole","depth":0.0,"depthSource":"nominal-demo","sourceLayer":"Sanitary Points","id":"haverhill-sanitary-points-0010"},"geometry":{"type":"Point","coordinates":[-71.0840589,42.7757168]}},{"type":"Feature","id":"haverhill-sanitary-points-0011","properties":{"type":"manhole","network":"sewer","assetType":"Manhole","label":"Sanitary Manhole","depth":0.0,"depthSource":"nominal-demo","sourceLayer":"Sanitary Points","id":"haverhill-sanitary-points-0011"},"geometry":{"type":"Point","coordinates":[-71.0841776,42.775311]}},{"type":"Feature","id":"haverhill-sanitary-points-0012","properties":{"type":"manhole","network":"sewer","assetType":"Manhole","label":"Sanitary Manhole","depth":0.0,"depthSource":"nominal-demo","sourceLayer":"Sanitary Points","id":"haverhill-sanitary-points-0012"},"geometry":{"type":"Point","coordinates":[-71.0824943,42.7768845]}},{"type":"Feature","id":"haverhill-sanitary-points-0013","properties":{"type":"manhole","network":"sewer","assetType":"Manhole","label":"Sanitary Manhole","depth":0.0,"depthSource":"nominal-demo","sourceLayer":"Sanitary Points","id":"haverhill-sanitary-points-0013"},"geometry":{"type":"Point","coordinates":[-71.0831875,42.7769297]}},{"type":"Feature","id":"haverhill-sanitary-points-0014","properties":{"type":"manhole","network":"sewer","assetType":"Manhole","label":"Sanitary Manhole","depth":0.0,"depthSource":"nominal-demo","sourceLayer":"Sanitary Points","id":"haverhill-sanitary-points-0014"},"geometry":{"type":"Point","coordinates":[-71.0837412,42.7762046]}},{"type":"Feature","id":"haverhill-sanitary-points-0015","properties":{"type":"manhole","network":"sewer","assetType":"Manhole","label":"Sanitary Manhole","depth":0.0,"depthSource":"nominal-demo","sourceLayer":"Sanitary Points","id":"haverhill-sanitary-points-0015"},"geometry":{"type":"Point","coordinates":[-71.0825357,42.7761385]}},{"type":"Feature","id":"haverhill-sanitary-points-0016","properties":{"type":"manhole","network":"sewer","assetType":"Manhole","label":"Sanitary Manhole","depth":0.0,"depthSource":"nominal-demo","sourceLayer":"Sanitary Points","id":"haverhill-sanitary-points-0016"},"geometry":{"type":"Point","coordinates":[-71.0828989,42.7761611]}},{"type":"Feature","id":"haverhill-sanitary-points-0017","properties":{"type":"manhole","network":"sewer","assetType":"Manhole","label":"Sanitary Manhole","depth":0.0,"depthSource":"nominal-demo","sourceLayer":"Sanitary Points","id":"haverhill-sanitary-points-0017"},"geometry":{"type":"Point","coordinates":[-71.0819976,42.7768516]}},{"type":"Feature","id":"haverhill-sanitary-points-0018","properties":{"type":"manhole","network":"sewer","assetType":"Manhole","label":"Sanitary Manhole","depth":0.0,"depthSource":"nominal-demo","sourceLayer":"Sanitary Points","id":"haverhill-sanitary-points-0018"},"geometry":{"type":"Point","coordinates":[-71.0821719,42.7752349]}},{"type":"Feature","id":"haverhill-sanitary-points-0019","properties":{"type":"manhole","network":"sewer","assetType":"Manhole","label":"Sanitary Manhole","depth":0.0,"depthSource":"nominal-demo","sourceLayer":"Sanitary Points","id":"haverhill-sanitary-points-0019"},"geometry":{"type":"Point","coordinates":[-71.0820675,42.7761781]}},{"type":"Feature","id":"haverhill-sanitary-points-0020","properties":{"type":"manhole","network":"sewer","assetType":"Manhole","label":"Sanitary Manhole","depth":0.0,"depthSource":"nominal-demo","sourceLayer":"Sanitary Points","id":"haverhill-sanitary-points-0020"},"geometry":{"type":"Point","coordinates":[-71.0825009,42.7752601]}},{"type":"Feature","id":"haverhill-sanitary-points-0021","properties":{"type":"manhole","network":"sewer","assetType":"Manhole","label":"Sanitary Manhole","depth":0.0,"depthSource":"nominal-demo","sourceLayer":"Sanitary Points","id":"haverhill-sanitary-points-0021"},"geometry":{"type":"Point","coordinates":[-71.0835724,42.7755743]}},{"type":"Feature","id":"haverhill-sanitary-points-0022","properties":{"type":"manhole","network":"sewer","assetType":"Manhole","label":"Sanitary Manhole","depth":0.0,"depthSource":"nominal-demo","sourceLayer":"Sanitary Points","id":"haverhill-sanitary-points-0022"},"geometry":{"type":"Point","coordinates":[-71.0821175,42.7741033]}},{"type":"Feature","id":"haverhill-sanitary-points-0023","properties":{"type":"manhole","network":"sewer","assetType":"Manhole","label":"Sanitary Manhole","depth":0.0,"depthSource":"nominal-demo","sourceLayer":"Sanitary Points","id":"haverhill-sanitary-points-0023"},"geometry":{"type":"Point","coordinates":[-71.0822323,42.7746514]}},{"type":"Feature","id":"haverhill-sanitary-points-0024","properties":{"type":"manhole","network":"sewer","assetType":"Manhole","label":"Sanitary Manhole","depth":0.0,"depthSource":"nominal-demo","sourceLayer":"Sanitary Points","id":"haverhill-sanitary-points-0024"},"geometry":{"type":"Point","coordinates":[-71.0828035,42.7737862]}},{"type":"Feature","id":"haverhill-sanitary-points-0025","properties":{"type":"manhole","network":"sewer","assetType":"Manhole","label":"Sanitary Manhole","depth":0.0,"depthSource":"nominal-demo","sourceLayer":"Sanitary Points","id":"haverhill-sanitary-points-0025"},"geometry":{"type":"Point","coordinates":[-71.0857302,42.7750229]}},{"type":"Feature","id":"haverhill-sanitary-points-0026","properties":{"type":"manhole","network":"sewer","assetType":"Manhole","label":"Sanitary Manhole","depth":0.0,"depthSource":"nominal-demo","sourceLayer":"Sanitary Points","id":"haverhill-sanitary-points-0026"},"geometry":{"type":"Point","coordinates":[-71.0880479,42.7761474]}},{"type":"Feature","id":"haverhill-sanitary-points-0027","properties":{"type":"manhole","network":"sewer","assetType":"Manhole","label":"Sanitary Manhole","depth":0.0,"depthSource":"nominal-demo","sourceLayer":"Sanitary Points","id":"haverhill-sanitary-points-0027"},"geometry":{"type":"Point","coordinates":[-71.0868606,42.7755165]}},{"type":"Feature","id":"haverhill-sanitary-points-0028","properties":{"type":"manhole","network":"sewer","assetType":"Manhole","label":"Sanitary Manhole","depth":0.0,"depthSource":"nominal-demo","sourceLayer":"Sanitary Points","id":"haverhill-sanitary-points-0028"},"geometry":{"type":"Point","coordinates":[-71.0850677,42.7769586]}},{"type":"Feature","id":"haverhill-sanitary-points-0029","properties":{"type":"manhole","network":"sewer","assetType":"Manhole","label":"Sanitary Manhole","depth":0.0,"depthSource":"nominal-demo","sourceLayer":"Sanitary Points","id":"haverhill-sanitary-points-0029"},"geometry":{"type":"Point","coordinates":[-71.0855926,42.7769935]}},{"type":"Feature","id":"haverhill-sanitary-points-0030","properties":{"type":"manhole","network":"sewer","assetType":"Manhole","label":"Sanitary Manhole","depth":0.0,"depthSource":"nominal-demo","sourceLayer":"Sanitary Points","id":"haverhill-sanitary-points-0030"},"geometry":{"type":"Point","coordinates":[-71.0850217,42.7762881]}},{"type":"Feature","id":"haverhill-sanitary-points-0031","properties":{"type":"manhole","network":"sewer","assetType":"Manhole","label":"Sanitary Manhole","depth":0.0,"depthSource":"nominal-demo","sourceLayer":"Sanitary Points","id":"haverhill-sanitary-points-0031"},"geometry":{"type":"Point","coordinates":[-71.089066,42.7768118]}},{"type":"Feature","id":"haverhill-sanitary-points-0032","properties":{"type":"manhole","network":"sewer","assetType":"Manhole","label":"Sanitary Manhole","depth":0.0,"depthSource":"nominal-demo","sourceLayer":"Sanitary Points","id":"haverhill-sanitary-points-0032"},"geometry":{"type":"Point","coordinates":[-71.089228,42.7769546]}},{"type":"Feature","id":"haverhill-sanitary-points-0033","properties":{"type":"manhole","network":"sewer","assetType":"Manhole","label":"Sanitary Manhole","depth":0.0,"depthSource":"nominal-demo","sourceLayer":"Sanitary Points","id":"haverhill-sanitary-points-0033"},"geometry":{"type":"Point","coordinates":[-71.0892795,42.7769969]}},{"type":"Feature","id":"haverhill-sanitary-points-0034","properties":{"type":"manhole","network":"sewer","assetType":"Manhole","label":"Sanitary Manhole","depth":0.0,"depthSource":"nominal-demo","sourceLayer":"Sanitary Points","id":"haverhill-sanitary-points-0034"},"geometry":{"type":"Point","coordinates":[-71.0849853,42.7761461]}},{"type":"Feature","id":"haverhill-sanitary-points-0035","properties":{"type":"manhole","network":"sewer","assetType":"Manhole","label":"Sanitary Manhole","depth":0.0,"depthSource":"nominal-demo","sourceLayer":"Sanitary Points","id":"haverhill-sanitary-points-0035"},"geometry":{"type":"Point","coordinates":[-71.0849497,42.7753505]}},{"type":"Feature","id":"haverhill-sanitary-points-0036","properties":{"type":"manhole","network":"sewer","assetType":"Manhole","label":"Sanitary Manhole","depth":0.0,"depthSource":"nominal-demo","sourceLayer":"Sanitary Points","id":"haverhill-sanitary-points-0036"},"geometry":{"type":"Point","coordinates":[-71.0849384,42.7751696]}},{"type":"Feature","id":"haverhill-sanitary-points-0037","properties":{"type":"manhole","network":"sewer","assetType":"Manhole","label":"Sanitary Manhole","depth":0.0,"depthSource":"nominal-demo","sourceLayer":"Sanitary Points","id":"haverhill-sanitary-points-0037"},"geometry":{"type":"Point","coordinates":[-71.0850215,42.7761613]}},{"type":"Feature","id":"haverhill-sanitary-points-0038","properties":{"type":"manhole","network":"sewer","assetType":"Manhole","label":"Sanitary Manhole","depth":0.0,"depthSource":"nominal-demo","sourceLayer":"Sanitary Points","id":"haverhill-sanitary-points-0038"},"geometry":{"type":"Point","coordinates":[-71.0850187,42.7758855]}},{"type":"Feature","id":"haverhill-sanitary-points-0039","properties":{"type":"manhole","network":"sewer","assetType":"Manhole","label":"Sanitary Manhole","depth":0.0,"depthSource":"nominal-demo","sourceLayer":"Sanitary Points","id":"haverhill-sanitary-points-0039"},"geometry":{"type":"Point","coordinates":[-71.0850855,42.7750647]}},{"type":"Feature","id":"haverhill-sanitary-points-0040","properties":{"type":"manhole","network":"sewer","assetType":"Manhole","label":"Sanitary Manhole","depth":0.0,"depthSource":"nominal-demo","sourceLayer":"Sanitary Points","id":"haverhill-sanitary-points-0040"},"geometry":{"type":"Point","coordinates":[-71.0849822,42.7753459]}},{"type":"Feature","id":"haverhill-sanitary-points-0041","properties":{"type":"manhole","network":"sewer","assetType":"Manhole","label":"Sanitary Manhole","depth":0.0,"depthSource":"nominal-demo","sourceLayer":"Sanitary Points","id":"haverhill-sanitary-points-0041"},"geometry":{"type":"Point","coordinates":[-71.0849893,42.7755854]}},{"type":"Feature","id":"haverhill-sanitary-points-0042","properties":{"type":"manhole","network":"sewer","assetType":"Manhole","label":"Sanitary Manhole","depth":0.0,"depthSource":"nominal-demo","sourceLayer":"Sanitary Points","id":"haverhill-sanitary-points-0042"},"geometry":{"type":"Point","coordinates":[-71.0850049,42.7758426]}},{"type":"Feature","id":"haverhill-sanitary-points-0043","properties":{"type":"manhole","network":"sewer","assetType":"Manhole","label":"Sanitary Manhole","depth":0.0,"depthSource":"nominal-demo","sourceLayer":"Sanitary Points","id":"haverhill-sanitary-points-0043"},"geometry":{"type":"Point","coordinates":[-71.0842046,42.77522]}},{"type":"Feature","id":"haverhill-sanitary-points-0044","properties":{"type":"manhole","network":"sewer","assetType":"Manhole","label":"Sanitary Manhole","depth":0.0,"depthSource":"nominal-demo","sourceLayer":"Sanitary Points","id":"haverhill-sanitary-points-0044"},"geometry":{"type":"Point","coordinates":[-71.0821858,42.774931]}},{"type":"Feature","id":"haverhill-sanitary-points-0045","properties":{"type":"manhole","network":"sewer","assetType":"Manhole","label":"Sanitary Manhole","depth":0.0,"depthSource":"nominal-demo","sourceLayer":"Sanitary Points","id":"haverhill-sanitary-points-0045"},"geometry":{"type":"Point","coordinates":[-71.0822125,42.7753215]}},{"type":"Feature","id":"haverhill-sanitary-points-0046","properties":{"type":"manhole","network":"sewer","assetType":"Manhole","label":"Sanitary Manhole","depth":0.0,"depthSource":"nominal-demo","sourceLayer":"Sanitary Points","id":"haverhill-sanitary-points-0046"},"geometry":{"type":"Point","coordinates":[-71.0826237,42.7745084]}},{"type":"Feature","id":"haverhill-sanitary-points-0047","properties":{"type":"manhole","network":"sewer","assetType":"Manhole","label":"Sanitary Manhole","depth":0.0,"depthSource":"nominal-demo","sourceLayer":"Sanitary Points","id":"haverhill-sanitary-points-0047"},"geometry":{"type":"Point","coordinates":[-71.0863992,42.7776585]}},{"type":"Feature","id":"haverhill-sanitary-points-0048","properties":{"type":"manhole","network":"sewer","assetType":"Manhole","label":"Sanitary Manhole","depth":0.0,"depthSource":"nominal-demo","sourceLayer":"Sanitary Points","id":"haverhill-sanitary-points-0048"},"geometry":{"type":"Point","coordinates":[-71.086615,42.7775603]}},{"type":"Feature","id":"haverhill-sanitary-points-0049","properties":{"type":"manhole","network":"sewer","assetType":"Manhole","label":"Sanitary Manhole","depth":0.0,"depthSource":"nominal-demo","sourceLayer":"Sanitary Points","id":"haverhill-sanitary-points-0049"},"geometry":{"type":"Point","coordinates":[-71.0830766,42.7745767]}},{"type":"Feature","id":"haverhill-sanitary-points-0050","properties":{"type":"manhole","network":"sewer","assetType":"Manhole","label":"Sanitary Manhole","depth":0.0,"depthSource":"nominal-demo","sourceLayer":"Sanitary Points","id":"haverhill-sanitary-points-0050"},"geometry":{"type":"Point","coordinates":[-71.0830789,42.7744944]}},{"type":"Feature","id":"haverhill-sanitary-points-0051","properties":{"type":"manhole","network":"sewer","assetType":"Manhole","label":"Sanitary Manhole","depth":0.0,"depthSource":"nominal-demo","sourceLayer":"Sanitary Points","id":"haverhill-sanitary-points-0051"},"geometry":{"type":"Point","coordinates":[-71.0827998,42.7744871]}},{"type":"Feature","id":"haverhill-sanitary-points-0052","properties":{"type":"manhole","network":"sewer","assetType":"Manhole","label":"Sanitary Manhole","depth":0.0,"depthSource":"nominal-demo","sourceLayer":"Sanitary Points","id":"haverhill-sanitary-points-0052"},"geometry":{"type":"Point","coordinates":[-71.083158,42.7749598]}},{"type":"Feature","id":"haverhill-sanitary-points-0053","properties":{"type":"manhole","network":"sewer","assetType":"Manhole","label":"Sanitary Manhole","depth":0.0,"depthSource":"nominal-demo","sourceLayer":"Sanitary Points","id":"haverhill-sanitary-points-0053"},"geometry":{"type":"Point","coordinates":[-71.0832029,42.7747562]}},{"type":"Feature","id":"haverhill-sanitary-points-0054","properties":{"type":"manhole","network":"sewer","assetType":"Manhole","label":"Sanitary Manhole","depth":0.0,"depthSource":"nominal-demo","sourceLayer":"Sanitary Points","id":"haverhill-sanitary-points-0054"},"geometry":{"type":"Point","coordinates":[-71.0821777,42.7745612]}},{"type":"Feature","id":"haverhill-sanitary-points-0055","properties":{"type":"manhole","network":"sewer","assetType":"Manhole","label":"Sanitary Manhole","depth":0.0,"depthSource":"nominal-demo","sourceLayer":"Sanitary Points","id":"haverhill-sanitary-points-0055"},"geometry":{"type":"Point","coordinates":[-71.0827715,42.7736783]}},{"type":"Feature","id":"haverhill-sanitary-points-0056","properties":{"type":"manhole","network":"sewer","assetType":"Manhole","label":"Sanitary Manhole","depth":0.0,"depthSource":"nominal-demo","sourceLayer":"Sanitary Points","id":"haverhill-sanitary-points-0056"},"geometry":{"type":"Point","coordinates":[-71.0821777,42.7751793]}},{"type":"Feature","id":"haverhill-sanitary-points-0057","properties":{"type":"manhole","network":"sewer","assetType":"Manhole","label":"Sanitary Manhole","depth":0.0,"depthSource":"nominal-demo","sourceLayer":"Sanitary Points","id":"haverhill-sanitary-points-0057"},"geometry":{"type":"Point","coordinates":[-71.0821763,42.7743602]}},{"type":"Feature","id":"haverhill-sanitary-points-0058","properties":{"type":"manhole","network":"sewer","assetType":"Manhole","label":"Sanitary Manhole","depth":0.0,"depthSource":"nominal-demo","sourceLayer":"Sanitary Points","id":"haverhill-sanitary-points-0058"},"geometry":{"type":"Point","coordinates":[-71.0850141,42.7751729]}},{"type":"Feature","id":"haverhill-sanitary-points-0059","properties":{"type":"manhole","network":"sewer","assetType":"Manhole","label":"Sanitary Manhole","depth":0.0,"depthSource":"nominal-demo","sourceLayer":"Sanitary Points","id":"haverhill-sanitary-points-0059"},"geometry":{"type":"Point","coordinates":[-71.0849769,42.7751922]}},{"type":"Feature","id":"haverhill-sanitary-points-0060","properties":{"type":"manhole","network":"sewer","assetType":"Manhole","label":"Sanitary Manhole","depth":0.0,"depthSource":"nominal-demo","sourceLayer":"Sanitary Points","id":"haverhill-sanitary-points-0060"},"geometry":{"type":"Point","coordinates":[-71.0849788,42.7751811]}},{"type":"Feature","id":"haverhill-sanitary-points-0061","properties":{"type":"manhole","network":"sewer","assetType":"Manhole","label":"Sanitary Manhole","depth":0.0,"depthSource":"nominal-demo","sourceLayer":"Sanitary Points","id":"haverhill-sanitary-points-0061"},"geometry":{"type":"Point","coordinates":[-71.0851168,42.7750872]}},{"type":"Feature","id":"haverhill-sanitary-points-0062","properties":{"type":"manhole","network":"sewer","assetType":"Manhole","label":"Sanitary Manhole","depth":0.0,"depthSource":"nominal-demo","sourceLayer":"Sanitary Points","id":"haverhill-sanitary-points-0062"},"geometry":{"type":"Point","coordinates":[-71.085114,42.7750254]}},{"type":"Feature","id":"haverhill-sanitary-points-0063","properties":{"type":"manhole","network":"sewer","assetType":"Manhole","label":"Sanitary Manhole","depth":0.0,"depthSource":"nominal-demo","sourceLayer":"Sanitary Points","id":"haverhill-sanitary-points-0063"},"geometry":{"type":"Point","coordinates":[-71.0850643,42.7750405]}},{"type":"Feature","id":"haverhill-sanitary-points-0064","properties":{"type":"manhole","network":"sewer","assetType":"Manhole","label":"Sanitary Manhole","depth":0.0,"depthSource":"nominal-demo","sourceLayer":"Sanitary Points","id":"haverhill-sanitary-points-0064"},"geometry":{"type":"Point","coordinates":[-71.0850585,42.7750504]}},{"type":"Feature","id":"haverhill-sanitary-points-0065","properties":{"type":"manhole","network":"sewer","assetType":"Manhole","label":"Sanitary Manhole","depth":0.0,"depthSource":"nominal-demo","sourceLayer":"Sanitary Points","id":"haverhill-sanitary-points-0065"},"geometry":{"type":"Point","coordinates":[-71.0850449,42.7750089]}},{"type":"Feature","id":"haverhill-sanitary-points-0066","properties":{"type":"manhole","network":"sewer","assetType":"Manhole","label":"Sanitary Manhole","depth":0.0,"depthSource":"nominal-demo","sourceLayer":"Sanitary Points","id":"haverhill-sanitary-points-0066"},"geometry":{"type":"Point","coordinates":[-71.0840448,42.7761806]}},{"type":"Feature","id":"haverhill-sanitary-points-0067","properties":{"type":"manhole","network":"sewer","assetType":"Manhole","label":"Sanitary Manhole","depth":0.0,"depthSource":"nominal-demo","sourceLayer":"Sanitary Points","id":"haverhill-sanitary-points-0067"},"geometry":{"type":"Point","coordinates":[-71.0891912,42.7769539]}},{"type":"Feature","id":"haverhill-sanitary-points-0068","properties":{"type":"manhole","network":"sewer","assetType":"Manhole","label":"Sanitary Manhole","depth":0.0,"depthSource":"nominal-demo","sourceLayer":"Sanitary Points","id":"haverhill-sanitary-points-0068"},"geometry":{"type":"Point","coordinates":[-71.082632,42.7752567]}},{"type":"Feature","id":"haverhill-sanitary-points-0069","properties":{"type":"manhole","network":"sewer","assetType":"Manhole","label":"Sanitary Manhole","depth":0.0,"depthSource":"nominal-demo","sourceLayer":"Sanitary Points","id":"haverhill-sanitary-points-0069"},"geometry":{"type":"Point","coordinates":[-71.0834007,42.7745573]}},{"type":"Feature","id":"haverhill-sanitary-points-0070","properties":{"type":"manhole","network":"sewer","assetType":"Manhole","label":"Sanitary Manhole","depth":0.0,"depthSource":"nominal-demo","sourceLayer":"Sanitary Points","id":"haverhill-sanitary-points-0070"},"geometry":{"type":"Point","coordinates":[-71.0819135,42.7776497]}},{"type":"Feature","id":"haverhill-sanitary-points-0071","properties":{"type":"manhole","network":"sewer","assetType":"Manhole","label":"Sanitary Manhole","depth":0.0,"depthSource":"nominal-demo","sourceLayer":"Sanitary Points","id":"haverhill-sanitary-points-0071"},"geometry":{"type":"Point","coordinates":[-71.0856567,42.776154]}},{"type":"Feature","id":"haverhill-sanitary-points-0072","properties":{"type":"manhole","network":"sewer","assetType":"Manhole","label":"Sanitary Manhole","depth":0.0,"depthSource":"nominal-demo","sourceLayer":"Sanitary Points","id":"haverhill-sanitary-points-0072"},"geometry":{"type":"Point","coordinates":[-71.0854859,42.7753551]}},{"type":"Feature","id":"haverhill-sanitary-points-0073","properties":{"type":"manhole","network":"sewer","assetType":"Manhole","label":"Sanitary Manhole","depth":0.0,"depthSource":"nominal-demo","sourceLayer":"Sanitary Points","id":"haverhill-sanitary-points-0073"},"geometry":{"type":"Point","coordinates":[-71.086084,42.7777093]}},{"type":"Feature","id":"haverhill-sanitary-points-0074","properties":{"type":"manhole","network":"sewer","assetType":"Manhole","label":"Sanitary Manhole","depth":0.0,"depthSource":"nominal-demo","sourceLayer":"Sanitary Points","id":"haverhill-sanitary-points-0074"},"geometry":{"type":"Point","coordinates":[-71.0820716,42.7761555]}},{"type":"Feature","id":"haverhill-sanitary-points-0075","properties":{"type":"manhole","network":"sewer","assetType":"Manhole","label":"Sanitary Manhole","depth":0.0,"depthSource":"nominal-demo","sourceLayer":"Sanitary Points","id":"haverhill-sanitary-points-0075"},"geometry":{"type":"Point","coordinates":[-71.0840425,42.7770748]}},{"type":"Feature","id":"haverhill-sanitary-points-0076","properties":{"type":"manhole","network":"sewer","assetType":"Manhole","label":"Sanitary Manhole","depth":0.0,"depthSource":"nominal-demo","sourceLayer":"Sanitary Points","id":"haverhill-sanitary-points-0076"},"geometry":{"type":"Point","coordinates":[-71.0840443,42.7770924]}},{"type":"Feature","id":"haverhill-sanitary-points-0077","properties":{"type":"manhole","network":"sewer","assetType":"Manhole","label":"Sanitary Manhole","depth":0.0,"depthSource":"nominal-demo","sourceLayer":"Sanitary Points","id":"haverhill-sanitary-points-0077"},"geometry":{"type":"Point","coordinates":[-71.0843342,42.7770899]}},{"type":"Feature","id":"haverhill-sanitary-points-0078","properties":{"type":"manhole","network":"sewer","assetType":"Manhole","label":"Sanitary Manhole","depth":0.0,"depthSource":"nominal-demo","sourceLayer":"Sanitary Points","id":"haverhill-sanitary-points-0078"},"geometry":{"type":"Point","coordinates":[-71.0850534,42.7767177]}},{"type":"Feature","id":"haverhill-sanitary-points-0079","properties":{"type":"manhole","network":"sewer","assetType":"Manhole","label":"Sanitary Manhole","depth":0.0,"depthSource":"nominal-demo","sourceLayer":"Sanitary Points","id":"haverhill-sanitary-points-0079"},"geometry":{"type":"Point","coordinates":[-71.0839359,42.776828]}},{"type":"Feature","id":"haverhill-sanitary-points-0080","properties":{"type":"manhole","network":"sewer","assetType":"Manhole","label":"Sanitary Manhole","depth":0.0,"depthSource":"nominal-demo","sourceLayer":"Sanitary Points","id":"haverhill-sanitary-points-0080"},"geometry":{"type":"Point","coordinates":[-71.0851497,42.7759275]}},{"type":"Feature","id":"haverhill-sanitary-points-0081","properties":{"type":"manhole","network":"sewer","assetType":"Manhole","label":"Sanitary Manhole","depth":0.0,"depthSource":"nominal-demo","sourceLayer":"Sanitary Points","id":"haverhill-sanitary-points-0081"},"geometry":{"type":"Point","coordinates":[-71.0850584,42.775288]}},{"type":"Feature","id":"haverhill-sanitary-points-0082","properties":{"type":"manhole","network":"sewer","assetType":"Manhole","label":"Sanitary Manhole","depth":0.0,"depthSource":"nominal-demo","sourceLayer":"Sanitary Points","id":"haverhill-sanitary-points-0082"},"geometry":{"type":"Point","coordinates":[-71.0851338,42.7750705]}},{"type":"Feature","id":"haverhill-sanitary-points-0083","properties":{"type":"manhole","network":"sewer","assetType":"Manhole","label":"Sanitary Manhole","depth":0.0,"depthSource":"nominal-demo","sourceLayer":"Sanitary Points","id":"haverhill-sanitary-points-0083"},"geometry":{"type":"Point","coordinates":[-71.085237,42.7749204]}},{"type":"Feature","id":"haverhill-sanitary-points-0084","properties":{"type":"manhole","network":"sewer","assetType":"Manhole","label":"Sanitary Manhole","depth":0.0,"depthSource":"nominal-demo","sourceLayer":"Sanitary Points","id":"haverhill-sanitary-points-0084"},"geometry":{"type":"Point","coordinates":[-71.0856617,42.7751119]}},{"type":"Feature","id":"haverhill-sanitary-points-0085","properties":{"type":"manhole","network":"sewer","assetType":"Manhole","label":"Sanitary Manhole","depth":0.0,"depthSource":"nominal-demo","sourceLayer":"Sanitary Points","id":"haverhill-sanitary-points-0085"},"geometry":{"type":"Point","coordinates":[-71.0822039,42.7746648]}},{"type":"Feature","id":"haverhill-sanitary-points-0086","properties":{"type":"manhole","network":"sewer","assetType":"Manhole","label":"Sanitary Manhole","depth":0.0,"depthSource":"nominal-demo","sourceLayer":"Sanitary Points","id":"haverhill-sanitary-points-0086"},"geometry":{"type":"Point","coordinates":[-71.082118,42.7740035]}},{"type":"Feature","id":"haverhill-sanitary-points-0087","properties":{"type":"manhole","network":"sewer","assetType":"Manhole","label":"Sanitary Manhole","depth":0.0,"depthSource":"nominal-demo","sourceLayer":"Sanitary Points","id":"haverhill-sanitary-points-0087"},"geometry":{"type":"Point","coordinates":[-71.0831526,42.7744019]}},{"type":"Feature","id":"haverhill-sanitary-points-0088","properties":{"type":"manhole","network":"sewer","assetType":"Manhole","label":"Sanitary Manhole","depth":0.0,"depthSource":"nominal-demo","sourceLayer":"Sanitary Points","id":"haverhill-sanitary-points-0088"},"geometry":{"type":"Point","coordinates":[-71.0858985,42.7764485]}},{"type":"Feature","id":"haverhill-sanitary-points-0089","properties":{"type":"manhole","network":"sewer","assetType":"Manhole","label":"Sanitary Manhole","depth":0.0,"depthSource":"nominal-demo","sourceLayer":"Sanitary Points","id":"haverhill-sanitary-points-0089"},"geometry":{"type":"Point","coordinates":[-71.085688,42.7762771]}},{"type":"Feature","id":"haverhill-sanitary-points-0090","properties":{"type":"manhole","network":"sewer","assetType":"Manhole","label":"Sanitary Manhole","depth":0.0,"depthSource":"nominal-demo","sourceLayer":"Sanitary Points","id":"haverhill-sanitary-points-0090"},"geometry":{"type":"Point","coordinates":[-71.0856111,42.7762192]}},{"type":"Feature","id":"haverhill-sanitary-points-0091","properties":{"type":"manhole","network":"sewer","assetType":"Manhole","label":"Sanitary Manhole","depth":0.0,"depthSource":"nominal-demo","sourceLayer":"Sanitary Points","id":"haverhill-sanitary-points-0091"},"geometry":{"type":"Point","coordinates":[-71.0855579,42.776408]}},{"type":"Feature","id":"haverhill-sanitary-points-0092","properties":{"type":"manhole","network":"sewer","assetType":"Manhole","label":"Sanitary Manhole","depth":0.0,"depthSource":"nominal-demo","sourceLayer":"Sanitary Points","id":"haverhill-sanitary-points-0092"},"geometry":{"type":"Point","coordinates":[-71.0859551,42.7761824]}},{"type":"Feature","id":"haverhill-sanitary-points-0093","properties":{"type":"manhole","network":"sewer","assetType":"Manhole","label":"Sanitary Manhole","depth":0.0,"depthSource":"nominal-demo","sourceLayer":"Sanitary Points","id":"haverhill-sanitary-points-0093"},"geometry":{"type":"Point","coordinates":[-71.0864498,42.7762102]}},{"type":"Feature","id":"haverhill-sanitary-points-0094","properties":{"type":"manhole","network":"sewer","assetType":"Manhole","label":"Sanitary Manhole","depth":0.0,"depthSource":"nominal-demo","sourceLayer":"Sanitary Points","id":"haverhill-sanitary-points-0094"},"geometry":{"type":"Point","coordinates":[-71.0862936,42.7761976]}},{"type":"Feature","id":"haverhill-sanitary-points-0095","properties":{"type":"manhole","network":"sewer","assetType":"Manhole","label":"Sanitary Manhole","depth":0.0,"depthSource":"nominal-demo","sourceLayer":"Sanitary Points","id":"haverhill-sanitary-points-0095"},"geometry":{"type":"Point","coordinates":[-71.085665,42.7761719]}},{"type":"Feature","id":"haverhill-sanitary-points-0096","properties":{"type":"manhole","network":"sewer","assetType":"Manhole","label":"Sanitary Manhole","depth":0.0,"depthSource":"nominal-demo","sourceLayer":"Sanitary Points","id":"haverhill-sanitary-points-0096"},"geometry":{"type":"Point","coordinates":[-71.0856485,42.7761246]}},{"type":"Feature","id":"haverhill-sanitary-points-0097","properties":{"type":"manhole","network":"sewer","assetType":"Manhole","label":"Sanitary Manhole","depth":0.0,"depthSource":"nominal-demo","sourceLayer":"Sanitary Points","id":"haverhill-sanitary-points-0097"},"geometry":{"type":"Point","coordinates":[-71.0854361,42.7755826]}},{"type":"Feature","id":"haverhill-sanitary-points-0098","properties":{"type":"manhole","network":"sewer","assetType":"Manhole","label":"Sanitary Manhole","depth":0.0,"depthSource":"nominal-demo","sourceLayer":"Sanitary Points","id":"haverhill-sanitary-points-0098"},"geometry":{"type":"Point","coordinates":[-71.085909,42.776021]}},{"type":"Feature","id":"haverhill-sanitary-points-0099","properties":{"type":"manhole","network":"sewer","assetType":"Manhole","label":"Sanitary Manhole","depth":0.0,"depthSource":"nominal-demo","sourceLayer":"Sanitary Points","id":"haverhill-sanitary-points-0099"},"geometry":{"type":"Point","coordinates":[-71.0854048,42.7754475]}},{"type":"Feature","id":"haverhill-sanitary-points-0100","properties":{"type":"manhole","network":"sewer","assetType":"Manhole","label":"Sanitary Manhole","depth":0.0,"depthSource":"nominal-demo","sourceLayer":"Sanitary Points","id":"haverhill-sanitary-points-0100"},"geometry":{"type":"Point","coordinates":[-71.0854009,42.7754265]}},{"type":"Feature","id":"haverhill-sanitary-points-0101","properties":{"type":"manhole","network":"sewer","assetType":"Manhole","label":"Sanitary Manhole","depth":0.0,"depthSource":"nominal-demo","sourceLayer":"Sanitary Points","id":"haverhill-sanitary-points-0101"},"geometry":{"type":"Point","coordinates":[-71.0854654,42.7753803]}},{"type":"Feature","id":"haverhill-sanitary-points-0102","properties":{"type":"manhole","network":"sewer","assetType":"Manhole","label":"Sanitary Manhole","depth":0.0,"depthSource":"nominal-demo","sourceLayer":"Sanitary Points","id":"haverhill-sanitary-points-0102"},"geometry":{"type":"Point","coordinates":[-71.0825979,42.7744049]}},{"type":"Feature","id":"haverhill-sanitary-points-0103","properties":{"type":"manhole","network":"sewer","assetType":"Manhole","label":"Sanitary Manhole","depth":0.0,"depthSource":"nominal-demo","sourceLayer":"Sanitary Points","id":"haverhill-sanitary-points-0103"},"geometry":{"type":"Point","coordinates":[-71.0830723,42.7746068]}},{"type":"Feature","id":"haverhill-sanitary-points-0104","properties":{"type":"manhole","network":"sewer","assetType":"Manhole","label":"Sanitary Manhole","depth":0.0,"depthSource":"nominal-demo","sourceLayer":"Sanitary Points","id":"haverhill-sanitary-points-0104"},"geometry":{"type":"Point","coordinates":[-71.0829941,42.7745729]}},{"type":"Feature","id":"haverhill-sanitary-points-0105","properties":{"type":"manhole","network":"sewer","assetType":"Manhole","label":"Sanitary Manhole","depth":0.0,"depthSource":"nominal-demo","sourceLayer":"Sanitary Points","id":"haverhill-sanitary-points-0105"},"geometry":{"type":"Point","coordinates":[-71.0835185,42.7748474]}},{"type":"Feature","id":"haverhill-sanitary-points-0106","properties":{"type":"manhole","network":"sewer","assetType":"Manhole","label":"Sanitary Manhole","depth":0.0,"depthSource":"nominal-demo","sourceLayer":"Sanitary Points","id":"haverhill-sanitary-points-0106"},"geometry":{"type":"Point","coordinates":[-71.0837729,42.7749085]}},{"type":"Feature","id":"haverhill-sanitary-points-0107","properties":{"type":"manhole","network":"sewer","assetType":"Manhole","label":"Sanitary Manhole","depth":0.0,"depthSource":"nominal-demo","sourceLayer":"Sanitary Points","id":"haverhill-sanitary-points-0107"},"geometry":{"type":"Point","coordinates":[-71.0837563,42.7749395]}},{"type":"Feature","id":"haverhill-sanitary-points-0108","properties":{"type":"manhole","network":"sewer","assetType":"Manhole","label":"Sanitary Manhole","depth":0.0,"depthSource":"nominal-demo","sourceLayer":"Sanitary Points","id":"haverhill-sanitary-points-0108"},"geometry":{"type":"Point","coordinates":[-71.0837328,42.7750947]}},{"type":"Feature","id":"haverhill-sanitary-points-0109","properties":{"type":"manhole","network":"sewer","assetType":"Manhole","label":"Sanitary Manhole","depth":0.0,"depthSource":"nominal-demo","sourceLayer":"Sanitary Points","id":"haverhill-sanitary-points-0109"},"geometry":{"type":"Point","coordinates":[-71.084077,42.7752018]}},{"type":"Feature","id":"haverhill-sanitary-points-0110","properties":{"type":"manhole","network":"sewer","assetType":"Manhole","label":"Sanitary Manhole","depth":0.0,"depthSource":"nominal-demo","sourceLayer":"Sanitary Points","id":"haverhill-sanitary-points-0110"},"geometry":{"type":"Point","coordinates":[-71.0841732,42.7752341]}},{"type":"Feature","id":"haverhill-sanitary-points-0111","properties":{"type":"manhole","network":"sewer","assetType":"Manhole","label":"Sanitary Manhole","depth":0.0,"depthSource":"nominal-demo","sourceLayer":"Sanitary Points","id":"haverhill-sanitary-points-0111"},"geometry":{"type":"Point","coordinates":[-71.0834394,42.775067]}},{"type":"Feature","id":"haverhill-sanitary-points-0112","properties":{"type":"manhole","network":"sewer","assetType":"Manhole","label":"Sanitary Manhole","depth":0.0,"depthSource":"nominal-demo","sourceLayer":"Sanitary Points","id":"haverhill-sanitary-points-0112"},"geometry":{"type":"Point","coordinates":[-71.0831437,42.7751925]}},{"type":"Feature","id":"haverhill-sanitary-points-0113","properties":{"type":"manhole","network":"sewer","assetType":"Manhole","label":"Sanitary Manhole","depth":0.0,"depthSource":"nominal-demo","sourceLayer":"Sanitary Points","id":"haverhill-sanitary-points-0113"},"geometry":{"type":"Point","coordinates":[-71.0830251,42.7749742]}},{"type":"Feature","id":"haverhill-sanitary-points-0114","properties":{"type":"manhole","network":"sewer","assetType":"Manhole","label":"Sanitary Manhole","depth":0.0,"depthSource":"nominal-demo","sourceLayer":"Sanitary Points","id":"haverhill-sanitary-points-0114"},"geometry":{"type":"Point","coordinates":[-71.0835434,42.7754116]}},{"type":"Feature","id":"haverhill-sanitary-points-0115","properties":{"type":"manhole","network":"sewer","assetType":"Manhole","label":"Sanitary Manhole","depth":0.0,"depthSource":"nominal-demo","sourceLayer":"Sanitary Points","id":"haverhill-sanitary-points-0115"},"geometry":{"type":"Point","coordinates":[-71.0840145,42.7752952]}},{"type":"Feature","id":"haverhill-sanitary-points-0116","properties":{"type":"manhole","network":"sewer","assetType":"Manhole","label":"Sanitary Manhole","depth":0.0,"depthSource":"nominal-demo","sourceLayer":"Sanitary Points","id":"haverhill-sanitary-points-0116"},"geometry":{"type":"Point","coordinates":[-71.0825143,42.7742521]}},{"type":"Feature","id":"haverhill-sanitary-points-0117","properties":{"type":"manhole","network":"sewer","assetType":"Manhole","label":"Sanitary Manhole","depth":0.0,"depthSource":"nominal-demo","sourceLayer":"Sanitary Points","id":"haverhill-sanitary-points-0117"},"geometry":{"type":"Point","coordinates":[-71.0822629,42.775236]}},{"type":"Feature","id":"haverhill-sanitary-points-0118","properties":{"type":"manhole","network":"sewer","assetType":"Manhole","label":"Sanitary Manhole","depth":0.0,"depthSource":"nominal-demo","sourceLayer":"Sanitary Points","id":"haverhill-sanitary-points-0118"},"geometry":{"type":"Point","coordinates":[-71.0849123,42.7763158]}},{"type":"Feature","id":"haverhill-sanitary-points-0119","properties":{"type":"manhole","network":"sewer","assetType":"Manhole","label":"Sanitary Manhole","depth":0.0,"depthSource":"nominal-demo","sourceLayer":"Sanitary Points","id":"haverhill-sanitary-points-0119"},"geometry":{"type":"Point","coordinates":[-71.0831313,42.7765157]}},{"type":"Feature","id":"haverhill-sanitary-points-0120","properties":{"type":"manhole","network":"sewer","assetType":"Manhole","label":"Sanitary Manhole","depth":0.0,"depthSource":"nominal-demo","sourceLayer":"Sanitary Points","id":"haverhill-sanitary-points-0120"},"geometry":{"type":"Point","coordinates":[-71.0831727,42.7761753]}},{"type":"Feature","id":"haverhill-sanitary-points-0121","properties":{"type":"manhole","network":"sewer","assetType":"Manhole","label":"Sanitary Manhole","depth":0.0,"depthSource":"nominal-demo","sourceLayer":"Sanitary Points","id":"haverhill-sanitary-points-0121"},"geometry":{"type":"Point","coordinates":[-71.0835691,42.7761957]}},{"type":"Feature","id":"haverhill-sanitary-points-0122","properties":{"type":"manhole","network":"sewer","assetType":"Manhole","label":"Sanitary Manhole","depth":0.0,"depthSource":"nominal-demo","sourceLayer":"Sanitary Points","id":"haverhill-sanitary-points-0122"},"geometry":{"type":"Point","coordinates":[-71.0835334,42.7765351]}},{"type":"Feature","id":"haverhill-sanitary-points-0123","properties":{"type":"manhole","network":"sewer","assetType":"Manhole","label":"Sanitary Manhole","depth":0.0,"depthSource":"nominal-demo","sourceLayer":"Sanitary Points","id":"haverhill-sanitary-points-0123"},"geometry":{"type":"Point","coordinates":[-71.083118,42.7762088]}},{"type":"Feature","id":"haverhill-sanitary-points-0124","properties":{"type":"manhole","network":"sewer","assetType":"Manhole","label":"Sanitary Manhole","depth":0.0,"depthSource":"nominal-demo","sourceLayer":"Sanitary Points","id":"haverhill-sanitary-points-0124"},"geometry":{"type":"Point","coordinates":[-71.0835345,42.7762319]}},{"type":"Feature","id":"haverhill-sanitary-points-0125","properties":{"type":"manhole","network":"sewer","assetType":"Manhole","label":"Sanitary Manhole","depth":0.0,"depthSource":"nominal-demo","sourceLayer":"Sanitary Points","id":"haverhill-sanitary-points-0125"},"geometry":{"type":"Point","coordinates":[-71.0848957,42.7760855]}},{"type":"Feature","id":"haverhill-storm-pipes-0001","properties":{"type":"storm","network":"storm","assetType":"Gravity Main","label":"Storm Gravity Main","depth":1.5,"depthSource":"nominal-demo","sourceLayer":"Storm Pipes","id":"haverhill-storm-pipes-0001"},"geometry":{"type":"LineString","coordinates":[[-71.088327,42.7774324],[-71.088322,42.7773597]]}},{"type":"Feature","id":"haverhill-storm-pipes-0002","properties":{"type":"storm","network":"storm","assetType":"Gravity Main","label":"12\" Storm Gravity Main","depth":1.5,"depthSource":"nominal-demo","sourceLayer":"Storm Pipes","diameterIn":12.0,"material":"Vitrified Clay","id":"haverhill-storm-pipes-0002"},"geometry":{"type":"LineString","coordinates":[[-71.0882345,42.7773498],[-71.0881827,42.7773596],[-71.0874841,42.7774951]]}},{"type":"Feature","id":"haverhill-storm-pipes-0003","properties":{"type":"storm","network":"storm","assetType":"Gravity Main","label":"24\" Storm Gravity Main","depth":1.5,"depthSource":"nominal-demo","sourceLayer":"Storm Pipes","diameterIn":24.0,"material":"Reinforced Concrete","id":"haverhill-storm-pipes-0003"},"geometry":{"type":"LineString","coordinates":[[-71.0843595,42.7761816],[-71.0840503,42.7761806]]}},{"type":"Feature","id":"haverhill-storm-pipes-0004","properties":{"type":"storm","network":"storm","assetType":"Gravity Main","label":"24\" Storm Gravity Main","depth":1.5,"depthSource":"nominal-demo","sourceLayer":"Storm Pipes","diameterIn":24.0,"material":"Reinforced Concrete","id":"haverhill-storm-pipes-0004"},"geometry":{"type":"LineString","coordinates":[[-71.0848904,42.7762094],[-71.0843595,42.7761816]]}},{"type":"Feature","id":"haverhill-storm-pipes-0005","properties":{"type":"storm","network":"storm","assetType":"Gravity Main","label":"24\" Storm Gravity Main","depth":1.5,"depthSource":"nominal-demo","sourceLayer":"Storm Pipes","diameterIn":24.0,"material":"Reinforced Concrete","id":"haverhill-storm-pipes-0005"},"geometry":{"type":"LineString","coordinates":[[-71.0852113,42.7764728],[-71.0850018,42.7762152]]}},{"type":"Feature","id":"haverhill-storm-pipes-0006","properties":{"type":"storm","network":"storm","assetType":"Gravity Main","label":"24\" Storm Gravity Main","depth":1.5,"depthSource":"nominal-demo","sourceLayer":"Storm Pipes","diameterIn":24.0,"material":"Reinforced Concrete","id":"haverhill-storm-pipes-0006"},"geometry":{"type":"LineString","coordinates":[[-71.0856909,42.7762636],[-71.0852113,42.7764728]]}},{"type":"Feature","id":"haverhill-storm-pipes-0007","properties":{"type":"storm","network":"storm","assetType":"Gravity Main","label":"10\" Storm Gravity Main","depth":1.5,"depthSource":"nominal-demo","sourceLayer":"Storm Pipes","diameterIn":10.0,"material":"Vitrified Clay","id":"haverhill-storm-pipes-0007"},"geometry":{"type":"LineString","coordinates":[[-71.0874975,42.7775223],[-71.0874841,42.7774951]]}},{"type":"Feature","id":"haverhill-storm-pipes-0008","properties":{"type":"storm","network":"storm","assetType":"Gravity Main","label":"36\" Storm Gravity Main","depth":1.5,"depthSource":"nominal-demo","sourceLayer":"Storm Pipes","diameterIn":36.0,"material":"Brick","id":"haverhill-storm-pipes-0008"},"geometry":{"type":"LineString","coordinates":[[-71.0893934,42.777211],[-71.0893641,42.7772377],[-71.0893313,42.7772622],[-71.0892954,42.7772841],[-71.0892567,42.7773033],[-71.0892155,42.7773195],[-71.0891724,42.7773326],[-71.0891277,42.7773425],[-71.0888353,42.7773855]]}},{"type":"Feature","id":"haverhill-storm-pipes-0009","properties":{"type":"storm","network":"storm","assetType":"Gravity Main","label":"24\" Storm Gravity Main","depth":1.5,"depthSource":"nominal-demo","sourceLayer":"Storm Pipes","diameterIn":24.0,"material":"Reinforced Concrete","id":"haverhill-storm-pipes-0009"},"geometry":{"type":"LineString","coordinates":[[-71.0850018,42.7762152],[-71.0848904,42.7762094]]}},{"type":"Feature","id":"haverhill-storm-pipes-0010","properties":{"type":"storm","network":"storm","assetType":"Gravity Main","label":"24\" Storm Gravity Main","depth":1.5,"depthSource":"nominal-demo","sourceLayer":"Storm Pipes","diameterIn":24.0,"material":"Reinforced Concrete","id":"haverhill-storm-pipes-0010"},"geometry":{"type":"LineString","coordinates":[[-71.0857063,42.7762464],[-71.0856973,42.7762565],[-71.0856909,42.7762636]]}},{"type":"Feature","id":"haverhill-storm-pipes-0011","properties":{"type":"storm","network":"storm","assetType":"Gravity Main","label":"12\" Storm Gravity Main","depth":1.5,"depthSource":"nominal-demo","sourceLayer":"Storm Pipes","diameterIn":12.0,"id":"haverhill-storm-pipes-0011"},"geometry":{"type":"LineString","coordinates":[[-71.0830789,42.7744944],[-71.0830567,42.7744807]]}},{"type":"Feature","id":"haverhill-storm-pipes-0012","properties":{"type":"storm","network":"storm","assetType":"Gravity Main","label":"24\" Storm Gravity Main","depth":1.5,"depthSource":"nominal-demo","sourceLayer":"Storm Pipes","diameterIn":24.0,"material":"Reinforced Concrete","id":"haverhill-storm-pipes-0012"},"geometry":{"type":"LineString","coordinates":[[-71.0830567,42.7744807],[-71.0830338,42.7744805]]}},{"type":"Feature","id":"haverhill-storm-pipes-0013","properties":{"type":"storm","network":"storm","assetType":"Gravity Main","label":"18\" Storm Gravity Main","depth":1.5,"depthSource":"nominal-demo","sourceLayer":"Storm Pipes","diameterIn":18.0,"material":"Cast Iron","id":"haverhill-storm-pipes-0013"},"geometry":{"type":"LineString","coordinates":[[-71.0830338,42.7744805],[-71.0830322,42.7745144]]}},{"type":"Feature","id":"haverhill-storm-pipes-0014","properties":{"type":"storm","network":"storm","assetType":"Gravity Main","label":"12\" Storm Gravity Main","depth":1.5,"depthSource":"nominal-demo","sourceLayer":"Storm Pipes","diameterIn":12.0,"material":"Cast Iron","id":"haverhill-storm-pipes-0014"},"geometry":{"type":"LineString","coordinates":[[-71.0864263,42.7762433],[-71.0864187,42.7762306]]}},{"type":"Feature","id":"haverhill-storm-pipes-0015","properties":{"type":"storm","network":"storm","assetType":"Gravity Main","label":"12\" Storm Gravity Main","depth":1.5,"depthSource":"nominal-demo","sourceLayer":"Storm Pipes","diameterIn":12.0,"material":"Cast Iron","id":"haverhill-storm-pipes-0015"},"geometry":{"type":"LineString","coordinates":[[-71.086279,42.7762247],[-71.0862732,42.7762341]]}},{"type":"Feature","id":"haverhill-storm-pipes-0016","properties":{"type":"storm","network":"storm","assetType":"Gravity Main","label":"24\" Storm Gravity Main","depth":1.5,"depthSource":"nominal-demo","sourceLayer":"Storm Pipes","diameterIn":24.0,"material":"Cast Iron","id":"haverhill-storm-pipes-0016"},"geometry":{"type":"LineString","coordinates":[[-71.0856567,42.776154],[-71.0856528,42.7761747]]}},{"type":"Feature","id":"haverhill-storm-pipes-0017","properties":{"type":"storm","network":"storm","assetType":"Lateral","label":"12\" Storm Lateral","depth":1.5,"depthSource":"nominal-demo","sourceLayer":"Storm Pipes","diameterIn":12.0,"material":"Vitrified Clay","id":"haverhill-storm-pipes-0017"},"geometry":{"type":"LineString","coordinates":[[-71.0850049,42.7758426],[-71.084939,42.7758851]]}},{"type":"Feature","id":"haverhill-storm-pipes-0018","properties":{"type":"storm","network":"storm","assetType":"Lateral","label":"12\" Storm Lateral","depth":1.5,"depthSource":"nominal-demo","sourceLayer":"Storm Pipes","diameterIn":12.0,"material":"Vitrified Clay","id":"haverhill-storm-pipes-0018"},"geometry":{"type":"LineString","coordinates":[[-71.0850639,42.7758879],[-71.0850049,42.7758426]]}},{"type":"Feature","id":"haverhill-storm-pipes-0019","properties":{"type":"storm","network":"storm","assetType":"Lateral","label":"Storm Lateral","depth":1.5,"depthSource":"nominal-demo","sourceLayer":"Storm Pipes","id":"haverhill-storm-pipes-0019"},"geometry":{"type":"LineString","coordinates":[[-71.0850523,42.7755988],[-71.0849893,42.7755854]]}},{"type":"Feature","id":"haverhill-storm-pipes-0020","properties":{"type":"storm","network":"storm","assetType":"Lateral","label":"Storm Lateral","depth":1.5,"depthSource":"nominal-demo","sourceLayer":"Storm Pipes","id":"haverhill-storm-pipes-0020"},"geometry":{"type":"LineString","coordinates":[[-71.0849893,42.7755854],[-71.0849348,42.7755901]]}},{"type":"Feature","id":"haverhill-storm-pipes-0021","properties":{"type":"storm","network":"storm","assetType":"Lateral","label":"Storm Lateral","depth":1.5,"depthSource":"nominal-demo","sourceLayer":"Storm Pipes","id":"haverhill-storm-pipes-0021"},"geometry":{"type":"LineString","coordinates":[[-71.0821178,42.7762283],[-71.0820675,42.7761781]]}},{"type":"Feature","id":"haverhill-storm-pipes-0022","properties":{"type":"storm","network":"storm","assetType":"Lateral","label":"10\" Storm Lateral","depth":1.5,"depthSource":"nominal-demo","sourceLayer":"Storm Pipes","diameterIn":10.0,"material":"Ductile Iron","id":"haverhill-storm-pipes-0022"},"geometry":{"type":"LineString","coordinates":[[-71.0821858,42.774931],[-71.0821558,42.7749607]]}},{"type":"Feature","id":"haverhill-storm-pipes-0023","properties":{"type":"storm","network":"storm","assetType":"Lateral","label":"12\" Storm Lateral","depth":1.5,"depthSource":"nominal-demo","sourceLayer":"Storm Pipes","diameterIn":12.0,"material":"Reinforced Concrete","id":"haverhill-storm-pipes-0023"},"geometry":{"type":"LineString","coordinates":[[-71.0850141,42.7751729],[-71.0849345,42.7751227]]}},{"type":"Feature","id":"haverhill-storm-pipes-0024","properties":{"type":"storm","network":"storm","assetType":"Lateral","label":"Storm Lateral","depth":1.5,"depthSource":"nominal-demo","sourceLayer":"Storm Pipes","id":"haverhill-storm-pipes-0024"},"geometry":{"type":"LineString","coordinates":[[-71.0850825,42.7762368],[-71.0850217,42.7762881]]}},{"type":"Feature","id":"haverhill-storm-pipes-0025","properties":{"type":"storm","network":"storm","assetType":"Lateral","label":"Storm Lateral","depth":1.5,"depthSource":"nominal-demo","sourceLayer":"Storm Pipes","id":"haverhill-storm-pipes-0025"},"geometry":{"type":"LineString","coordinates":[[-71.0850217,42.7762881],[-71.084985,42.776353]]}},{"type":"Feature","id":"haverhill-storm-pipes-0026","properties":{"type":"storm","network":"storm","assetType":"Lateral","label":"8\" Storm Lateral","depth":1.5,"depthSource":"nominal-demo","sourceLayer":"Storm Pipes","diameterIn":8.0,"material":"Vitrified Clay","id":"haverhill-storm-pipes-0026"},"geometry":{"type":"LineString","coordinates":[[-71.0826272,42.7745271],[-71.0826237,42.7745084]]}},{"type":"Feature","id":"haverhill-storm-pipes-0027","properties":{"type":"storm","network":"storm","assetType":"Lateral","label":"8\" Storm Lateral","depth":1.5,"depthSource":"nominal-demo","sourceLayer":"Storm Pipes","diameterIn":8.0,"material":"Vitrified Clay","id":"haverhill-storm-pipes-0027"},"geometry":{"type":"LineString","coordinates":[[-71.0864221,42.7775961],[-71.0863992,42.7776585]]}},{"type":"Feature","id":"haverhill-storm-pipes-0028","properties":{"type":"storm","network":"storm","assetType":"Lateral","label":"Storm Lateral","depth":1.5,"depthSource":"nominal-demo","sourceLayer":"Storm Pipes","id":"haverhill-storm-pipes-0028"},"geometry":{"type":"LineString","coordinates":[[-71.0881945,42.777409],[-71.0881827,42.7773596]]}},{"type":"Feature","id":"haverhill-storm-pipes-0029","properties":{"type":"storm","network":"storm","assetType":"Lateral","label":"Storm Lateral","depth":1.5,"depthSource":"nominal-demo","sourceLayer":"Storm Pipes","id":"haverhill-storm-pipes-0029"},"geometry":{"type":"LineString","coordinates":[[-71.0888566,42.7773873],[-71.0888529,42.7773827]]}},{"type":"Feature","id":"haverhill-storm-pipes-0030","properties":{"type":"storm","network":"storm","assetType":"Lateral","label":"10\" Storm Lateral","depth":1.5,"depthSource":"nominal-demo","sourceLayer":"Storm Pipes","diameterIn":10.0,"material":"Ductile Iron","id":"haverhill-storm-pipes-0030"},"geometry":{"type":"LineString","coordinates":[[-71.0822719,42.774978],[-71.0821858,42.774931]]}},{"type":"Feature","id":"haverhill-storm-pipes-0031","properties":{"type":"storm","network":"storm","assetType":"Lateral","label":"12\" Storm Lateral","depth":1.5,"depthSource":"nominal-demo","sourceLayer":"Storm Pipes","diameterIn":12.0,"material":"Reinforced Concrete","id":"haverhill-storm-pipes-0031"},"geometry":{"type":"LineString","coordinates":[[-71.0830719,42.7739063],[-71.0830337,42.7739769]]}},{"type":"Feature","id":"haverhill-storm-pipes-0032","properties":{"type":"storm","network":"storm","assetType":"Lateral","label":"Storm Lateral","depth":1.5,"depthSource":"nominal-demo","sourceLayer":"Storm Pipes","id":"haverhill-storm-pipes-0032"},"geometry":{"type":"LineString","coordinates":[[-71.0846071,42.7746379],[-71.0845886,42.7745884]]}},{"type":"Feature","id":"haverhill-storm-pipes-0033","properties":{"type":"storm","network":"storm","assetType":"Lateral","label":"10\" Storm Lateral","depth":1.5,"depthSource":"nominal-demo","sourceLayer":"Storm Pipes","diameterIn":10.0,"material":"Vitrified Clay","id":"haverhill-storm-pipes-0033"},"geometry":{"type":"LineString","coordinates":[[-71.0834007,42.7745573],[-71.0832953,42.7745168]]}},{"type":"Feature","id":"haverhill-storm-pipes-0034","properties":{"type":"storm","network":"storm","assetType":"Lateral","label":"15\" Storm Lateral","depth":1.5,"depthSource":"nominal-demo","sourceLayer":"Storm Pipes","diameterIn":15.0,"material":"Reinforced Concrete","id":"haverhill-storm-pipes-0034"},"geometry":{"type":"LineString","coordinates":[[-71.0850436,42.7751739],[-71.0849822,42.7753459]]}},{"type":"Feature","id":"haverhill-storm-pipes-0035","properties":{"type":"storm","network":"storm","assetType":"Lateral","label":"12\" Storm Lateral","depth":1.5,"depthSource":"nominal-demo","sourceLayer":"Storm Pipes","diameterIn":12.0,"material":"Reinforced Concrete","id":"haverhill-storm-pipes-0035"},"geometry":{"type":"LineString","coordinates":[[-71.0821287,42.7740021],[-71.082118,42.7740035]]}},{"type":"Feature","id":"haverhill-storm-pipes-0036","properties":{"type":"storm","network":"storm","assetType":"Lateral","label":"12\" Storm Lateral","depth":1.5,"depthSource":"nominal-demo","sourceLayer":"Storm Pipes","diameterIn":12.0,"material":"Reinforced Concrete","id":"haverhill-storm-pipes-0036"},"geometry":{"type":"LineString","coordinates":[[-71.0828397,42.7738261],[-71.0828035,42.7737862]]}},{"type":"Feature","id":"haverhill-storm-pipes-0037","properties":{"type":"storm","network":"storm","assetType":"Lateral","label":"12\" Storm Lateral","depth":1.5,"depthSource":"nominal-demo","sourceLayer":"Storm Pipes","diameterIn":12.0,"material":"Reinforced Concrete","id":"haverhill-storm-pipes-0037"},"geometry":{"type":"LineString","coordinates":[[-71.0822389,42.7744008],[-71.0821601,42.7743734]]}},{"type":"Feature","id":"haverhill-storm-pipes-0038","properties":{"type":"storm","network":"storm","assetType":"Lateral","label":"Storm Lateral","depth":1.5,"depthSource":"nominal-demo","sourceLayer":"Storm Pipes","id":"haverhill-storm-pipes-0038"},"geometry":{"type":"LineString","coordinates":[[-71.0828598,42.7743102],[-71.082818,42.7744351]]}},{"type":"Feature","id":"haverhill-storm-pipes-0039","properties":{"type":"storm","network":"storm","assetType":"Lateral","label":"8\" Storm Lateral","depth":1.5,"depthSource":"nominal-demo","sourceLayer":"Storm Pipes","diameterIn":8.0,"material":"Vitrified Clay","id":"haverhill-storm-pipes-0039"},"geometry":{"type":"LineString","coordinates":[[-71.0874841,42.7774951],[-71.0871083,42.7775408]]}},{"type":"Feature","id":"haverhill-storm-pipes-0040","properties":{"type":"storm","network":"storm","assetType":"Lateral","label":"8\" Storm Lateral","depth":1.5,"depthSource":"nominal-demo","sourceLayer":"Storm Pipes","diameterIn":8.0,"material":"Vitrified Clay","id":"haverhill-storm-pipes-0040"},"geometry":{"type":"LineString","coordinates":[[-71.0875273,42.7775183],[-71.0874841,42.7774951]]}},{"type":"Feature","id":"haverhill-storm-pipes-0041","properties":{"type":"storm","network":"storm","assetType":"Lateral","label":"Storm Lateral","depth":1.5,"depthSource":"nominal-demo","sourceLayer":"Storm Pipes","id":"haverhill-storm-pipes-0041"},"geometry":{"type":"LineString","coordinates":[[-71.0889885,42.7773168],[-71.0888529,42.7773827]]}},{"type":"Feature","id":"haverhill-storm-pipes-0042","properties":{"type":"storm","network":"storm","assetType":"Lateral","label":"12\" Storm Lateral","depth":1.5,"depthSource":"nominal-demo","sourceLayer":"Storm Pipes","diameterIn":12.0,"material":"High Density Polyethylene","id":"haverhill-storm-pipes-0042"},"geometry":{"type":"LineString","coordinates":[[-71.0867069,42.7768722],[-71.0866553,42.7766665]]}},{"type":"Feature","id":"haverhill-storm-pipes-0043","properties":{"type":"storm","network":"storm","assetType":"Lateral","label":"12\" Storm Lateral","depth":1.5,"depthSource":"nominal-demo","sourceLayer":"Storm Pipes","diameterIn":12.0,"material":"High Density Polyethylene","id":"haverhill-storm-pipes-0043"},"geometry":{"type":"LineString","coordinates":[[-71.0866553,42.7766665],[-71.0866165,42.7764864]]}},{"type":"Feature","id":"haverhill-storm-pipes-0044","properties":{"type":"storm","network":"storm","assetType":"Lateral","label":"12\" Storm Lateral","depth":1.5,"depthSource":"nominal-demo","sourceLayer":"Storm Pipes","diameterIn":12.0,"material":"High Density Polyethylene","id":"haverhill-storm-pipes-0044"},"geometry":{"type":"LineString","coordinates":[[-71.0864789,42.776882],[-71.0864191,42.7766332]]}},{"type":"Feature","id":"haverhill-storm-pipes-0045","properties":{"type":"storm","network":"storm","assetType":"Lateral","label":"12\" Storm Lateral","depth":1.5,"depthSource":"nominal-demo","sourceLayer":"Storm Pipes","diameterIn":12.0,"material":"High Density Polyethylene","id":"haverhill-storm-pipes-0045"},"geometry":{"type":"LineString","coordinates":[[-71.0864191,42.7766332],[-71.0863722,42.7764782]]}},{"type":"Feature","id":"haverhill-storm-pipes-0046","properties":{"type":"storm","network":"storm","assetType":"Lateral","label":"12\" Storm Lateral","depth":1.5,"depthSource":"nominal-demo","sourceLayer":"Storm Pipes","diameterIn":12.0,"material":"High Density Polyethylene","id":"haverhill-storm-pipes-0046"},"geometry":{"type":"LineString","coordinates":[[-71.086228,42.776839],[-71.0861715,42.7766034]]}},{"type":"Feature","id":"haverhill-storm-pipes-0047","properties":{"type":"storm","network":"storm","assetType":"Lateral","label":"12\" Storm Lateral","depth":1.5,"depthSource":"nominal-demo","sourceLayer":"Storm Pipes","diameterIn":12.0,"material":"High Density Polyethylene","id":"haverhill-storm-pipes-0047"},"geometry":{"type":"LineString","coordinates":[[-71.0860019,42.7768462],[-71.085927,42.7765639]]}},{"type":"Feature","id":"haverhill-storm-pipes-0048","properties":{"type":"storm","network":"storm","assetType":"Lateral","label":"12\" Storm Lateral","depth":1.5,"depthSource":"nominal-demo","sourceLayer":"Storm Pipes","diameterIn":12.0,"material":"High Density Polyethylene","id":"haverhill-storm-pipes-0048"},"geometry":{"type":"LineString","coordinates":[[-71.0858985,42.7764485],[-71.0858756,42.776337]]}},{"type":"Feature","id":"haverhill-storm-pipes-0049","properties":{"type":"storm","network":"storm","assetType":"Lateral","label":"12\" Storm Lateral","depth":1.5,"depthSource":"nominal-demo","sourceLayer":"Storm Pipes","diameterIn":12.0,"material":"High Density Polyethylene","id":"haverhill-storm-pipes-0049"},"geometry":{"type":"LineString","coordinates":[[-71.0857931,42.7765546],[-71.085688,42.7762771]]}},{"type":"Feature","id":"haverhill-storm-pipes-0050","properties":{"type":"storm","network":"storm","assetType":"Lateral","label":"12\" Storm Lateral","depth":1.5,"depthSource":"nominal-demo","sourceLayer":"Storm Pipes","diameterIn":12.0,"material":"High Density Polyethylene","id":"haverhill-storm-pipes-0050"},"geometry":{"type":"LineString","coordinates":[[-71.0858301,42.7761352],[-71.0856998,42.7761447]]}},{"type":"Feature","id":"haverhill-storm-pipes-0051","properties":{"type":"storm","network":"storm","assetType":"Lateral","label":"12\" Storm Lateral","depth":1.5,"depthSource":"nominal-demo","sourceLayer":"Storm Pipes","diameterIn":12.0,"material":"High Density Polyethylene","id":"haverhill-storm-pipes-0051"},"geometry":{"type":"LineString","coordinates":[[-71.0857935,42.7761779],[-71.0856998,42.7761447]]}},{"type":"Feature","id":"haverhill-storm-pipes-0052","properties":{"type":"storm","network":"storm","assetType":"Lateral","label":"12\" Storm Lateral","depth":1.5,"depthSource":"nominal-demo","sourceLayer":"Storm Pipes","diameterIn":12.0,"material":"High Density Polyethylene","id":"haverhill-storm-pipes-0052"},"geometry":{"type":"LineString","coordinates":[[-71.0857128,42.7760671],[-71.0856485,42.7761246]]}},{"type":"Feature","id":"haverhill-storm-pipes-0053","properties":{"type":"storm","network":"storm","assetType":"Lateral","label":"12\" Storm Lateral","depth":1.5,"depthSource":"nominal-demo","sourceLayer":"Storm Pipes","diameterIn":12.0,"material":"High Density Polyethylene","id":"haverhill-storm-pipes-0053"},"geometry":{"type":"LineString","coordinates":[[-71.0856521,42.7760885],[-71.0856485,42.7761246]]}},{"type":"Feature","id":"haverhill-storm-pipes-0054","properties":{"type":"storm","network":"storm","assetType":"Lateral","label":"12\" Storm Lateral","depth":1.5,"depthSource":"nominal-demo","sourceLayer":"Storm Pipes","diameterIn":12.0,"material":"High Density Polyethylene","id":"haverhill-storm-pipes-0054"},"geometry":{"type":"LineString","coordinates":[[-71.0856111,42.7762192],[-71.08554,42.7761927]]}},{"type":"Feature","id":"haverhill-storm-pipes-0055","properties":{"type":"storm","network":"storm","assetType":"Lateral","label":"12\" Storm Lateral","depth":1.5,"depthSource":"nominal-demo","sourceLayer":"Storm Pipes","diameterIn":12.0,"material":"High Density Polyethylene","id":"haverhill-storm-pipes-0055"},"geometry":{"type":"LineString","coordinates":[[-71.0858426,42.7757794],[-71.0858071,42.7756268]]}},{"type":"Feature","id":"haverhill-storm-pipes-0056","properties":{"type":"storm","network":"storm","assetType":"Lateral","label":"12\" Storm Lateral","depth":1.5,"depthSource":"nominal-demo","sourceLayer":"Storm Pipes","diameterIn":12.0,"material":"High Density Polyethylene","id":"haverhill-storm-pipes-0056"},"geometry":{"type":"LineString","coordinates":[[-71.0855842,42.7765757],[-71.0855579,42.776408]]}},{"type":"Feature","id":"haverhill-storm-pipes-0057","properties":{"type":"storm","network":"storm","assetType":"Lateral","label":"12\" Storm Lateral","depth":1.5,"depthSource":"nominal-demo","sourceLayer":"Storm Pipes","diameterIn":12.0,"id":"haverhill-storm-pipes-0057"},"geometry":{"type":"LineString","coordinates":[[-71.085527,42.7756461],[-71.085518,42.7758462]]}},{"type":"Feature","id":"haverhill-storm-pipes-0058","properties":{"type":"storm","network":"storm","assetType":"Lateral","label":"12\" Storm Lateral","depth":1.5,"depthSource":"nominal-demo","sourceLayer":"Storm Pipes","diameterIn":12.0,"id":"haverhill-storm-pipes-0058"},"geometry":{"type":"LineString","coordinates":[[-71.0855935,42.7759168],[-71.0855319,42.7759296]]}},{"type":"Feature","id":"haverhill-storm-pipes-0059","properties":{"type":"storm","network":"storm","assetType":"Lateral","label":"12\" Storm Lateral","depth":1.5,"depthSource":"nominal-demo","sourceLayer":"Storm Pipes","diameterIn":12.0,"id":"haverhill-storm-pipes-0059"},"geometry":{"type":"LineString","coordinates":[[-71.0855319,42.7759296],[-71.0855218,42.7759317]]}},{"type":"Feature","id":"haverhill-storm-pipes-0060","properties":{"type":"storm","network":"storm","assetType":"Lateral","label":"12\" Storm Lateral","depth":1.5,"depthSource":"nominal-demo","sourceLayer":"Storm Pipes","diameterIn":12.0,"material":"High Density Polyethylene","id":"haverhill-storm-pipes-0060"},"geometry":{"type":"LineString","coordinates":[[-71.0854361,42.7755826],[-71.0854066,42.7756918]]}},{"type":"Feature","id":"haverhill-storm-pipes-0061","properties":{"type":"storm","network":"storm","assetType":"Lateral","label":"12\" Storm Lateral","depth":1.5,"depthSource":"nominal-demo","sourceLayer":"Storm Pipes","diameterIn":12.0,"material":"High Density Polyethylene","id":"haverhill-storm-pipes-0061"},"geometry":{"type":"LineString","coordinates":[[-71.0854195,42.7754673],[-71.0850989,42.7755676]]}},{"type":"Feature","id":"haverhill-storm-pipes-0062","properties":{"type":"storm","network":"storm","assetType":"Lateral","label":"12\" Storm Lateral","depth":1.5,"depthSource":"nominal-demo","sourceLayer":"Storm Pipes","diameterIn":12.0,"material":"High Density Polyethylene","id":"haverhill-storm-pipes-0062"},"geometry":{"type":"LineString","coordinates":[[-71.0854048,42.7754475],[-71.0852988,42.7753895]]}},{"type":"Feature","id":"haverhill-storm-pipes-0063","properties":{"type":"storm","network":"storm","assetType":"Lateral","label":"12\" Storm Lateral","depth":1.5,"depthSource":"nominal-demo","sourceLayer":"Storm Pipes","diameterIn":12.0,"material":"High Density Polyethylene","id":"haverhill-storm-pipes-0063"},"geometry":{"type":"LineString","coordinates":[[-71.0854778,42.7753267],[-71.0853718,42.7751231]]}},{"type":"Feature","id":"haverhill-storm-pipes-0064","properties":{"type":"storm","network":"storm","assetType":"Lateral","label":"12\" Storm Lateral","depth":1.5,"depthSource":"nominal-demo","sourceLayer":"Storm Pipes","diameterIn":12.0,"material":"High Density Polyethylene","id":"haverhill-storm-pipes-0064"},"geometry":{"type":"LineString","coordinates":[[-71.0854778,42.7753267],[-71.0854652,42.7753711]]}},{"type":"Feature","id":"haverhill-storm-pipes-0065","properties":{"type":"storm","network":"storm","assetType":"Lateral","label":"12\" Storm Lateral","depth":1.5,"depthSource":"nominal-demo","sourceLayer":"Storm Pipes","diameterIn":12.0,"id":"haverhill-storm-pipes-0065"},"geometry":{"type":"LineString","coordinates":[[-71.0833013,42.7746318],[-71.0832029,42.7747562]]}},{"type":"Feature","id":"haverhill-storm-pipes-0066","properties":{"type":"storm","network":"storm","assetType":"Lateral","label":"12\" Storm Lateral","depth":1.5,"depthSource":"nominal-demo","sourceLayer":"Storm Pipes","diameterIn":12.0,"id":"haverhill-storm-pipes-0066"},"geometry":{"type":"LineString","coordinates":[[-71.083301,42.7748295],[-71.0832029,42.7747562]]}},{"type":"Feature","id":"haverhill-storm-pipes-0067","properties":{"type":"storm","network":"storm","assetType":"Lateral","label":"12\" Storm Lateral","depth":1.5,"depthSource":"nominal-demo","sourceLayer":"Storm Pipes","diameterIn":12.0,"id":"haverhill-storm-pipes-0067"},"geometry":{"type":"LineString","coordinates":[[-71.0835185,42.7748474],[-71.0835094,42.7748664]]}},{"type":"Feature","id":"haverhill-storm-pipes-0068","properties":{"type":"storm","network":"storm","assetType":"Lateral","label":"12\" Storm Lateral","depth":1.5,"depthSource":"nominal-demo","sourceLayer":"Storm Pipes","diameterIn":12.0,"id":"haverhill-storm-pipes-0068"},"geometry":{"type":"LineString","coordinates":[[-71.0836146,42.7748419],[-71.0835185,42.7748474]]}},{"type":"Feature","id":"haverhill-storm-pipes-0069","properties":{"type":"storm","network":"storm","assetType":"Lateral","label":"12\" Storm Lateral","depth":1.5,"depthSource":"nominal-demo","sourceLayer":"Storm Pipes","diameterIn":12.0,"id":"haverhill-storm-pipes-0069"},"geometry":{"type":"LineString","coordinates":[[-71.0837104,42.7746976],[-71.0835185,42.7748474]]}},{"type":"Feature","id":"haverhill-storm-pipes-0070","properties":{"type":"storm","network":"storm","assetType":"Lateral","label":"12\" Storm Lateral","depth":1.5,"depthSource":"nominal-demo","sourceLayer":"Storm Pipes","diameterIn":12.0,"id":"haverhill-storm-pipes-0070"},"geometry":{"type":"LineString","coordinates":[[-71.0839424,42.7749814],[-71.0837563,42.7749395]]}},{"type":"Feature","id":"haverhill-storm-pipes-0071","properties":{"type":"storm","network":"storm","assetType":"Lateral","label":"12\" Storm Lateral","depth":1.5,"depthSource":"nominal-demo","sourceLayer":"Storm Pipes","diameterIn":12.0,"id":"haverhill-storm-pipes-0071"},"geometry":{"type":"LineString","coordinates":[[-71.0837328,42.7750947],[-71.0837299,42.7751104]]}},{"type":"Feature","id":"haverhill-storm-pipes-0072","properties":{"type":"storm","network":"storm","assetType":"Lateral","label":"12\" Storm Lateral","depth":1.5,"depthSource":"nominal-demo","sourceLayer":"Storm Pipes","diameterIn":12.0,"id":"haverhill-storm-pipes-0072"},"geometry":{"type":"LineString","coordinates":[[-71.0841103,42.7752497],[-71.084077,42.7752018]]}},{"type":"Feature","id":"haverhill-storm-pipes-0073","properties":{"type":"storm","network":"storm","assetType":"Lateral","label":"12\" Storm Lateral","depth":1.5,"depthSource":"nominal-demo","sourceLayer":"Storm Pipes","diameterIn":12.0,"id":"haverhill-storm-pipes-0073"},"geometry":{"type":"LineString","coordinates":[[-71.084077,42.7752018],[-71.084067,42.7753674]]}},{"type":"Feature","id":"haverhill-storm-pipes-0074","properties":{"type":"storm","network":"storm","assetType":"Lateral","label":"12\" Storm Lateral","depth":1.5,"depthSource":"nominal-demo","sourceLayer":"Storm Pipes","diameterIn":12.0,"id":"haverhill-storm-pipes-0074"},"geometry":{"type":"LineString","coordinates":[[-71.0841732,42.7752341],[-71.0841629,42.7752615]]}},{"type":"Feature","id":"haverhill-storm-pipes-0075","properties":{"type":"storm","network":"storm","assetType":"Lateral","label":"8\" Storm Lateral","depth":1.5,"depthSource":"nominal-demo","sourceLayer":"Storm Pipes","diameterIn":8.0,"material":"Polyvinyl Chloride","id":"haverhill-storm-pipes-0075"},"geometry":{"type":"LineString","coordinates":[[-71.0842101,42.7751368],[-71.0841818,42.7752113]]}},{"type":"Feature","id":"haverhill-storm-pipes-0076","properties":{"type":"storm","network":"storm","assetType":"Lateral","label":"8\" Storm Lateral","depth":1.5,"depthSource":"nominal-demo","sourceLayer":"Storm Pipes","diameterIn":8.0,"material":"Clay","id":"haverhill-storm-pipes-0076"},"geometry":{"type":"LineString","coordinates":[[-71.0843331,42.7751363],[-71.0842046,42.77522]]}},{"type":"Feature","id":"haverhill-storm-pipes-0077","properties":{"type":"storm","network":"storm","assetType":"Lateral","label":"8\" Storm Lateral","depth":1.5,"depthSource":"nominal-demo","sourceLayer":"Storm Pipes","diameterIn":8.0,"material":"Clay","id":"haverhill-storm-pipes-0077"},"geometry":{"type":"LineString","coordinates":[[-71.0842855,42.7752703],[-71.0842046,42.77522]]}},{"type":"Feature","id":"haverhill-storm-pipes-0078","properties":{"type":"storm","network":"storm","assetType":"Lateral","label":"8\" Storm Lateral","depth":1.5,"depthSource":"nominal-demo","sourceLayer":"Storm Pipes","diameterIn":8.0,"id":"haverhill-storm-pipes-0078"},"geometry":{"type":"LineString","coordinates":[[-71.0834924,42.7749761],[-71.0834628,42.7750298]]}},{"type":"Feature","id":"haverhill-storm-pipes-0079","properties":{"type":"storm","network":"storm","assetType":"Lateral","label":"8\" Storm Lateral","depth":1.5,"depthSource":"nominal-demo","sourceLayer":"Storm Pipes","diameterIn":8.0,"id":"haverhill-storm-pipes-0079"},"geometry":{"type":"LineString","coordinates":[[-71.0834339,42.775085],[-71.0834044,42.7751394]]}},{"type":"Feature","id":"haverhill-storm-pipes-0080","properties":{"type":"storm","network":"storm","assetType":"Lateral","label":"8\" Storm Lateral","depth":1.5,"depthSource":"nominal-demo","sourceLayer":"Storm Pipes","diameterIn":8.0,"id":"haverhill-storm-pipes-0080"},"geometry":{"type":"LineString","coordinates":[[-71.0830948,42.7751794],[-71.0830352,42.7751624]]}},{"type":"Feature","id":"haverhill-storm-pipes-0081","properties":{"type":"storm","network":"storm","assetType":"Lateral","label":"8\" Storm Lateral","depth":1.5,"depthSource":"nominal-demo","sourceLayer":"Storm Pipes","diameterIn":8.0,"id":"haverhill-storm-pipes-0081"},"geometry":{"type":"LineString","coordinates":[[-71.0832448,42.7752202],[-71.0831613,42.7751984]]}},{"type":"Feature","id":"haverhill-storm-pipes-0082","properties":{"type":"storm","network":"storm","assetType":"Lateral","label":"8\" Storm Lateral","depth":1.5,"depthSource":"nominal-demo","sourceLayer":"Storm Pipes","diameterIn":8.0,"id":"haverhill-storm-pipes-0082"},"geometry":{"type":"LineString","coordinates":[[-71.083101,42.7748235],[-71.0830727,42.7748774]]}},{"type":"Feature","id":"haverhill-storm-pipes-0083","properties":{"type":"storm","network":"storm","assetType":"Lateral","label":"8\" Storm Lateral","depth":1.5,"depthSource":"nominal-demo","sourceLayer":"Storm Pipes","diameterIn":8.0,"id":"haverhill-storm-pipes-0083"},"geometry":{"type":"LineString","coordinates":[[-71.0830025,42.7750064],[-71.0829772,42.7750541]]}},{"type":"Feature","id":"haverhill-storm-pipes-0084","properties":{"type":"storm","network":"storm","assetType":"Lateral","label":"12\" Storm Lateral","depth":1.5,"depthSource":"nominal-demo","sourceLayer":"Storm Pipes","diameterIn":12.0,"id":"haverhill-storm-pipes-0084"},"geometry":{"type":"LineString","coordinates":[[-71.082632,42.7752567],[-71.0825945,42.7751676]]}},{"type":"Feature","id":"haverhill-storm-pipes-0085","properties":{"type":"storm","network":"storm","assetType":"Lateral","label":"8\" Storm Lateral","depth":1.5,"depthSource":"nominal-demo","sourceLayer":"Storm Pipes","diameterIn":8.0,"material":"Reinforced Concrete","id":"haverhill-storm-pipes-0085"},"geometry":{"type":"LineString","coordinates":[[-71.0840589,42.7757168],[-71.0839992,42.7757653]]}},{"type":"Feature","id":"haverhill-storm-pipes-0086","properties":{"type":"storm","network":"storm","assetType":"Lateral","label":"15\" Storm Lateral","depth":1.5,"depthSource":"nominal-demo","sourceLayer":"Storm Pipes","diameterIn":15.0,"material":"Reinforced Concrete","id":"haverhill-storm-pipes-0086"},"geometry":{"type":"LineString","coordinates":[[-71.0841303,42.7757268],[-71.0840589,42.7757168]]}},{"type":"Feature","id":"haverhill-storm-pipes-0087","properties":{"type":"storm","network":"storm","assetType":"Lateral","label":"8\" Storm Lateral","depth":1.5,"depthSource":"nominal-demo","sourceLayer":"Storm Pipes","diameterIn":8.0,"material":"Clay","id":"haverhill-storm-pipes-0087"},"geometry":{"type":"LineString","coordinates":[[-71.0836171,42.7756338],[-71.0835724,42.7755743]]}},{"type":"Feature","id":"haverhill-storm-pipes-0088","properties":{"type":"storm","network":"storm","assetType":"Lateral","label":"8\" Storm Lateral","depth":1.5,"depthSource":"nominal-demo","sourceLayer":"Storm Pipes","diameterIn":8.0,"material":"Clay","id":"haverhill-storm-pipes-0088"},"geometry":{"type":"LineString","coordinates":[[-71.083682,42.7755591],[-71.0835724,42.7755743]]}},{"type":"Feature","id":"haverhill-storm-pipes-0089","properties":{"type":"storm","network":"storm","assetType":"Lateral","label":"12\" Storm Lateral","depth":1.5,"depthSource":"nominal-demo","sourceLayer":"Storm Pipes","diameterIn":12.0,"material":"Clay","id":"haverhill-storm-pipes-0089"},"geometry":{"type":"LineString","coordinates":[[-71.0830766,42.7745767],[-71.0829449,42.7746765]]}},{"type":"Feature","id":"haverhill-storm-pipes-0090","properties":{"type":"storm","network":"storm","assetType":"Lateral","label":"Storm Lateral","depth":1.5,"depthSource":"nominal-demo","sourceLayer":"Storm Pipes","id":"haverhill-storm-pipes-0090"},"geometry":{"type":"LineString","coordinates":[[-71.0825953,42.7743849],[-71.0825331,42.7742642]]}},{"type":"Feature","id":"haverhill-storm-pipes-0091","properties":{"type":"storm","network":"storm","assetType":"Lateral","label":"8\" Storm Lateral","depth":1.5,"depthSource":"nominal-demo","sourceLayer":"Storm Pipes","diameterIn":8.0,"material":"Polyvinyl Chloride","id":"haverhill-storm-pipes-0091"},"geometry":{"type":"LineString","coordinates":[[-71.0824222,42.7741907],[-71.0824117,42.7741113]]}},{"type":"Feature","id":"haverhill-storm-pipes-0092","properties":{"type":"storm","network":"storm","assetType":"Lateral","label":"Storm Lateral","depth":1.5,"depthSource":"nominal-demo","sourceLayer":"Storm Pipes","id":"haverhill-storm-pipes-0092"},"geometry":{"type":"LineString","coordinates":[[-71.0838694,42.7743518],[-71.0838669,42.7743148]]}},{"type":"Feature","id":"haverhill-storm-pipes-0093","properties":{"type":"storm","network":"storm","assetType":"Lateral","label":"12\" Storm Lateral","depth":1.5,"depthSource":"nominal-demo","sourceLayer":"Storm Pipes","diameterIn":12.0,"material":"Reinforced Concrete","id":"haverhill-storm-pipes-0093"},"geometry":{"type":"LineString","coordinates":[[-71.0891912,42.7769539],[-71.0891638,42.7769455]]}},{"type":"Feature","id":"haverhill-storm-pipes-0094","properties":{"type":"storm","network":"storm","assetType":"Lateral","label":"12\" Storm Lateral","depth":1.5,"depthSource":"nominal-demo","sourceLayer":"Storm Pipes","diameterIn":12.0,"material":"Reinforced Concrete","id":"haverhill-storm-pipes-0094"},"geometry":{"type":"LineString","coordinates":[[-71.089066,42.7768118],[-71.0888191,42.7766264]]}},{"type":"Feature","id":"haverhill-storm-pipes-0095","properties":{"type":"storm","network":"storm","assetType":"Lateral","label":"10\" Storm Lateral","depth":1.5,"depthSource":"nominal-demo","sourceLayer":"Storm Pipes","diameterIn":10.0,"material":"Vitrified Clay","id":"haverhill-storm-pipes-0095"},"geometry":{"type":"LineString","coordinates":[[-71.0838527,42.7777809],[-71.0838397,42.7778055]]}},{"type":"Feature","id":"haverhill-storm-pipes-0096","properties":{"type":"storm","network":"storm","assetType":"Lateral","label":"10\" Storm Lateral","depth":1.5,"depthSource":"nominal-demo","sourceLayer":"Storm Pipes","diameterIn":10.0,"material":"Vitrified Clay","id":"haverhill-storm-pipes-0096"},"geometry":{"type":"LineString","coordinates":[[-71.0838527,42.7777809],[-71.0837604,42.7777184]]}},{"type":"Feature","id":"haverhill-storm-pipes-0097","properties":{"type":"storm","network":"storm","assetType":"Lateral","label":"8\" Storm Lateral","depth":1.5,"depthSource":"nominal-demo","sourceLayer":"Storm Pipes","diameterIn":8.0,"material":"Vitrified Clay","id":"haverhill-storm-pipes-0097"},"geometry":{"type":"LineString","coordinates":[[-71.0820207,42.7776039],[-71.0819135,42.7776497]]}},{"type":"Feature","id":"haverhill-storm-pipes-0098","properties":{"type":"storm","network":"storm","assetType":"Lateral","label":"8\" Storm Lateral","depth":1.5,"depthSource":"nominal-demo","sourceLayer":"Storm Pipes","diameterIn":8.0,"material":"Vitrified Clay","id":"haverhill-storm-pipes-0098"},"geometry":{"type":"LineString","coordinates":[[-71.0819135,42.7776497],[-71.0819105,42.7776676]]}},{"type":"Feature","id":"haverhill-storm-pipes-0099","properties":{"type":"storm","network":"storm","assetType":"Lateral","label":"12\" Storm Lateral","depth":1.5,"depthSource":"nominal-demo","sourceLayer":"Storm Pipes","diameterIn":12.0,"material":"Reinforced Concrete","id":"haverhill-storm-pipes-0099"},"geometry":{"type":"LineString","coordinates":[[-71.0819135,42.7776497],[-71.0818197,42.7776592]]}},{"type":"Feature","id":"haverhill-storm-pipes-0100","properties":{"type":"storm","network":"storm","assetType":"Lateral","label":"8\" Storm Lateral","depth":1.5,"depthSource":"nominal-demo","sourceLayer":"Storm Pipes","diameterIn":8.0,"material":"Clay","id":"haverhill-storm-pipes-0100"},"geometry":{"type":"LineString","coordinates":[[-71.0826968,42.7776922],[-71.082636,42.7777295]]}},{"type":"Feature","id":"haverhill-storm-pipes-0101","properties":{"type":"storm","network":"storm","assetType":"Lateral","label":"8\" Storm Lateral","depth":1.5,"depthSource":"nominal-demo","sourceLayer":"Storm Pipes","diameterIn":8.0,"material":"Clay","id":"haverhill-storm-pipes-0101"},"geometry":{"type":"LineString","coordinates":[[-71.0826968,42.7776922],[-71.0825581,42.7776419]]}},{"type":"Feature","id":"haverhill-storm-pipes-0102","properties":{"type":"storm","network":"storm","assetType":"Lateral","label":"12\" Storm Lateral","depth":1.5,"depthSource":"nominal-demo","sourceLayer":"Storm Pipes","diameterIn":12.0,"material":"Reinforced Concrete","id":"haverhill-storm-pipes-0102"},"geometry":{"type":"LineString","coordinates":[[-71.0831526,42.7744019],[-71.0831124,42.7743817]]}},{"type":"Feature","id":"haverhill-storm-pipes-0103","properties":{"type":"storm","network":"storm","assetType":"Lateral","label":"12\" Storm Lateral","depth":1.5,"depthSource":"nominal-demo","sourceLayer":"Storm Pipes","diameterIn":12.0,"material":"Clay","id":"haverhill-storm-pipes-0103"},"geometry":{"type":"LineString","coordinates":[[-71.0835364,42.777755],[-71.0835052,42.7777844]]}},{"type":"Feature","id":"haverhill-storm-pipes-0104","properties":{"type":"storm","network":"storm","assetType":"Lateral","label":"12\" Storm Lateral","depth":1.5,"depthSource":"nominal-demo","sourceLayer":"Storm Pipes","diameterIn":12.0,"material":"Clay","id":"haverhill-storm-pipes-0104"},"geometry":{"type":"LineString","coordinates":[[-71.0835364,42.777755],[-71.0834472,42.7777004]]}},{"type":"Feature","id":"haverhill-storm-pipes-0105","properties":{"type":"storm","network":"storm","assetType":"Lateral","label":"10\" Storm Lateral","depth":1.5,"depthSource":"nominal-demo","sourceLayer":"Storm Pipes","diameterIn":10.0,"material":"Clay","id":"haverhill-storm-pipes-0105"},"geometry":{"type":"LineString","coordinates":[[-71.0820465,42.7769311],[-71.0819976,42.7768516]]}},{"type":"Feature","id":"haverhill-storm-pipes-0106","properties":{"type":"storm","network":"storm","assetType":"Lateral","label":"10\" Storm Lateral","depth":1.5,"depthSource":"nominal-demo","sourceLayer":"Storm Pipes","diameterIn":10.0,"material":"Clay","id":"haverhill-storm-pipes-0106"},"geometry":{"type":"LineString","coordinates":[[-71.0821044,42.7768166],[-71.0819976,42.7768516]]}},{"type":"Feature","id":"haverhill-storm-pipes-0107","properties":{"type":"storm","network":"storm","assetType":"Lateral","label":"10\" Storm Lateral","depth":1.5,"depthSource":"nominal-demo","sourceLayer":"Storm Pipes","diameterIn":10.0,"material":"Clay","id":"haverhill-storm-pipes-0107"},"geometry":{"type":"LineString","coordinates":[[-71.081996,42.7768666],[-71.0819915,42.7768676]]}},{"type":"Feature","id":"haverhill-storm-pipes-0108","properties":{"type":"storm","network":"storm","assetType":"Lateral","label":"12\" Storm Lateral","depth":1.5,"depthSource":"nominal-demo","sourceLayer":"Storm Pipes","diameterIn":12.0,"material":"Clay","id":"haverhill-storm-pipes-0108"},"geometry":{"type":"LineString","coordinates":[[-71.0860413,42.7777017],[-71.0860019,42.7776453]]}},{"type":"Feature","id":"haverhill-storm-pipes-0109","properties":{"type":"storm","network":"storm","assetType":"Lateral","label":"Storm Lateral","depth":1.5,"depthSource":"nominal-demo","sourceLayer":"Storm Pipes","id":"haverhill-storm-pipes-0109"},"geometry":{"type":"LineString","coordinates":[[-71.0849143,42.7762986],[-71.0849123,42.7763158]]}},{"type":"Feature","id":"haverhill-storm-pipes-0110","properties":{"type":"storm","network":"storm","assetType":"Lateral","label":"8\" Storm Lateral","depth":1.5,"depthSource":"nominal-demo","sourceLayer":"Storm Pipes","diameterIn":8.0,"material":"Clay","id":"haverhill-storm-pipes-0110"},"geometry":{"type":"LineString","coordinates":[[-71.0840014,42.7762967],[-71.0839446,42.7762972]]}},{"type":"Feature","id":"haverhill-storm-pipes-0111","properties":{"type":"storm","network":"storm","assetType":"Lateral","label":"12\" Storm Lateral","depth":1.5,"depthSource":"nominal-demo","sourceLayer":"Storm Pipes","diameterIn":12.0,"material":"Polyethylene","id":"haverhill-storm-pipes-0111"},"geometry":{"type":"LineString","coordinates":[[-71.083118,42.7762088],[-71.0828769,42.7762003]]}},{"type":"Feature","id":"haverhill-storm-pipes-0112","properties":{"type":"storm","network":"storm","assetType":"Lateral","label":"12\" Storm Lateral","depth":1.5,"depthSource":"nominal-demo","sourceLayer":"Storm Pipes","diameterIn":12.0,"material":"Clay","id":"haverhill-storm-pipes-0112"},"geometry":{"type":"LineString","coordinates":[[-71.0828989,42.7761611],[-71.0828768,42.7761137]]}},{"type":"Feature","id":"haverhill-storm-pipes-0113","properties":{"type":"storm","network":"storm","assetType":"Lateral","label":"8\" Storm Lateral","depth":1.5,"depthSource":"nominal-demo","sourceLayer":"Storm Pipes","diameterIn":8.0,"material":"Vitrified Clay","id":"haverhill-storm-pipes-0113"},"geometry":{"type":"LineString","coordinates":[[-71.0831875,42.7769297],[-71.0831355,42.7769584]]}},{"type":"Feature","id":"haverhill-storm-pipes-0114","properties":{"type":"storm","network":"storm","assetType":"Lateral","label":"8\" Storm Lateral","depth":1.5,"depthSource":"nominal-demo","sourceLayer":"Storm Pipes","diameterIn":8.0,"material":"Vitrified Clay","id":"haverhill-storm-pipes-0114"},"geometry":{"type":"LineString","coordinates":[[-71.0839196,42.777016],[-71.0838728,42.7770553]]}},{"type":"Feature","id":"haverhill-storm-pipes-0115","properties":{"type":"storm","network":"storm","assetType":"Lateral","label":"8\" Storm Lateral","depth":1.5,"depthSource":"nominal-demo","sourceLayer":"Storm Pipes","diameterIn":8.0,"material":"Vitrified Clay","id":"haverhill-storm-pipes-0115"},"geometry":{"type":"LineString","coordinates":[[-71.0839247,42.7769485],[-71.0838351,42.7769927]]}},{"type":"Feature","id":"haverhill-storm-pipes-0116","properties":{"type":"storm","network":"storm","assetType":"Lateral","label":"8\" Storm Lateral","depth":1.5,"depthSource":"nominal-demo","sourceLayer":"Storm Pipes","diameterIn":8.0,"material":"Vitrified Clay","id":"haverhill-storm-pipes-0116"},"geometry":{"type":"LineString","coordinates":[[-71.084006,42.7769202],[-71.0839247,42.7769485]]}},{"type":"Feature","id":"haverhill-storm-pipes-0117","properties":{"type":"storm","network":"storm","assetType":"Lateral","label":"8\" Storm Lateral","depth":1.5,"depthSource":"nominal-demo","sourceLayer":"Storm Pipes","diameterIn":8.0,"material":"Vitrified Clay","id":"haverhill-storm-pipes-0117"},"geometry":{"type":"LineString","coordinates":[[-71.0839247,42.7769485],[-71.0838372,42.7769144]]}},{"type":"Feature","id":"haverhill-storm-pipes-0118","properties":{"type":"storm","network":"storm","assetType":"Lateral","label":"8\" Storm Lateral","depth":1.5,"depthSource":"nominal-demo","sourceLayer":"Storm Pipes","diameterIn":8.0,"material":"Clay","id":"haverhill-storm-pipes-0118"},"geometry":{"type":"LineString","coordinates":[[-71.0840693,42.7763092],[-71.0840029,42.7762852]]}},{"type":"Feature","id":"haverhill-storm-pipes-0119","properties":{"type":"storm","network":"storm","assetType":"Lateral","label":"8\" Storm Lateral","depth":1.5,"depthSource":"nominal-demo","sourceLayer":"Storm Pipes","diameterIn":8.0,"material":"Clay","id":"haverhill-storm-pipes-0119"},"geometry":{"type":"LineString","coordinates":[[-71.0840452,42.7765349],[-71.0839748,42.7765123]]}},{"type":"Feature","id":"haverhill-storm-pipes-0120","properties":{"type":"storm","network":"storm","assetType":"Lateral","label":"6\" Storm Lateral","depth":1.5,"depthSource":"nominal-demo","sourceLayer":"Storm Pipes","diameterIn":6.0,"material":"Clay","id":"haverhill-storm-pipes-0120"},"geometry":{"type":"LineString","coordinates":[[-71.0840585,42.776808],[-71.0839451,42.7767534]]}},{"type":"Feature","id":"haverhill-storm-pipes-0121","properties":{"type":"storm","network":"storm","assetType":"Lateral","label":"6\" Storm Lateral","depth":1.5,"depthSource":"nominal-demo","sourceLayer":"Storm Pipes","diameterIn":6.0,"material":"Polyethylene","id":"haverhill-storm-pipes-0121"},"geometry":{"type":"LineString","coordinates":[[-71.0831162,42.7762419],[-71.0830917,42.776513]]}},{"type":"Feature","id":"haverhill-storm-pipes-0122","properties":{"type":"storm","network":"storm","assetType":"Lateral","label":"6\" Storm Lateral","depth":1.5,"depthSource":"nominal-demo","sourceLayer":"Storm Pipes","diameterIn":6.0,"material":"Polyethylene","id":"haverhill-storm-pipes-0122"},"geometry":{"type":"LineString","coordinates":[[-71.0835233,42.7762634],[-71.0835008,42.7765361]]}},{"type":"Feature","id":"haverhill-storm-pipes-0123","properties":{"type":"storm","network":"storm","assetType":"Lateral","label":"8\" Storm Lateral","depth":1.5,"depthSource":"nominal-demo","sourceLayer":"Storm Pipes","diameterIn":8.0,"material":"Clay","id":"haverhill-storm-pipes-0123"},"geometry":{"type":"LineString","coordinates":[[-71.0852873,42.7749039],[-71.0852524,42.7748401]]}},{"type":"Feature","id":"haverhill-storm-pipes-0124","properties":{"type":"storm","network":"storm","assetType":"Lateral","label":"6\" Storm Lateral","depth":1.5,"depthSource":"nominal-demo","sourceLayer":"Storm Pipes","diameterIn":6.0,"material":"Polyvinyl Chloride","id":"haverhill-storm-pipes-0124"},"geometry":{"type":"LineString","coordinates":[[-71.0828551,42.775364],[-71.0828147,42.775399]]}},{"type":"Feature","id":"haverhill-storm-pipes-0125","properties":{"type":"storm","network":"storm","assetType":"Lateral","label":"8\" Storm Lateral","depth":1.5,"depthSource":"nominal-demo","sourceLayer":"Storm Pipes","diameterIn":8.0,"material":"Clay","id":"haverhill-storm-pipes-0125"},"geometry":{"type":"LineString","coordinates":[[-71.0850217,42.7762881],[-71.0849038,42.77622]]}},{"type":"Feature","id":"haverhill-storm-points-0001","properties":{"type":"catchbasin","network":"storm","assetType":"Catch Basin","label":"Storm Catch Basin","depth":0.0,"depthSource":"nominal-demo","sourceLayer":"Storm Points","material":"Brick","id":"haverhill-storm-points-0001"},"geometry":{"type":"Point","coordinates":[-71.0841818,42.7752113]}},{"type":"Feature","id":"haverhill-storm-points-0002","properties":{"type":"catchbasin","network":"storm","assetType":"Catch Basin","label":"Storm Catch Basin","depth":0.0,"depthSource":"nominal-demo","sourceLayer":"Storm Points","material":"Brick","id":"haverhill-storm-points-0002"},"geometry":{"type":"Point","coordinates":[-71.0842101,42.7751368]}},{"type":"Feature","id":"haverhill-storm-points-0003","properties":{"type":"catchbasin","network":"storm","assetType":"Catch Basin","label":"Storm Catch Basin","depth":0.0,"depthSource":"nominal-demo","sourceLayer":"Storm Points","id":"haverhill-storm-points-0003"},"geometry":{"type":"Point","coordinates":[-71.0826744,42.7739592]}},{"type":"Feature","id":"haverhill-storm-points-0004","properties":{"type":"catchbasin","network":"storm","assetType":"Catch Basin","label":"Storm Catch Basin","depth":0.0,"depthSource":"nominal-demo","sourceLayer":"Storm Points","id":"haverhill-storm-points-0004"},"geometry":{"type":"Point","coordinates":[-71.0854066,42.7756918]}},{"type":"Feature","id":"haverhill-storm-points-0005","properties":{"type":"catchbasin","network":"storm","assetType":"Catch Basin","label":"Storm Catch Basin","depth":0.0,"depthSource":"nominal-demo","sourceLayer":"Storm Points","id":"haverhill-storm-points-0005"},"geometry":{"type":"Point","coordinates":[-71.0858071,42.7756268]}},{"type":"Feature","id":"haverhill-storm-points-0006","properties":{"type":"catchbasin","network":"storm","assetType":"Catch Basin","label":"Storm Catch Basin","depth":0.0,"depthSource":"nominal-demo","sourceLayer":"Storm Points","id":"haverhill-storm-points-0006"},"geometry":{"type":"Point","coordinates":[-71.0858426,42.7757794]}},{"type":"Feature","id":"haverhill-storm-points-0007","properties":{"type":"catchbasin","network":"storm","assetType":"Catch Basin","label":"Storm Catch Basin","depth":0.0,"depthSource":"nominal-demo","sourceLayer":"Storm Points","id":"haverhill-storm-points-0007"},"geometry":{"type":"Point","coordinates":[-71.0866165,42.7764864]}},{"type":"Feature","id":"haverhill-storm-points-0008","properties":{"type":"catchbasin","network":"storm","assetType":"Catch Basin","label":"Storm Catch Basin","depth":0.0,"depthSource":"nominal-demo","sourceLayer":"Storm Points","id":"haverhill-storm-points-0008"},"geometry":{"type":"Point","coordinates":[-71.0866553,42.7766665]}},{"type":"Feature","id":"haverhill-storm-points-0009","properties":{"type":"catchbasin","network":"storm","assetType":"Catch Basin","label":"Storm Catch Basin","depth":0.0,"depthSource":"nominal-demo","sourceLayer":"Storm Points","id":"haverhill-storm-points-0009"},"geometry":{"type":"Point","coordinates":[-71.0867069,42.7768722]}},{"type":"Feature","id":"haverhill-storm-points-0010","properties":{"type":"catchbasin","network":"storm","assetType":"Catch Basin","label":"Storm Catch Basin","depth":0.0,"depthSource":"nominal-demo","sourceLayer":"Storm Points","id":"haverhill-storm-points-0010"},"geometry":{"type":"Point","coordinates":[-71.0864789,42.776882]}},{"type":"Feature","id":"haverhill-storm-points-0011","properties":{"type":"catchbasin","network":"storm","assetType":"Catch Basin","label":"Storm Catch Basin","depth":0.0,"depthSource":"nominal-demo","sourceLayer":"Storm Points","id":"haverhill-storm-points-0011"},"geometry":{"type":"Point","coordinates":[-71.0864191,42.7766332]}},{"type":"Feature","id":"haverhill-storm-points-0012","properties":{"type":"catchbasin","network":"storm","assetType":"Catch Basin","label":"Storm Catch Basin","depth":0.0,"depthSource":"nominal-demo","sourceLayer":"Storm Points","id":"haverhill-storm-points-0012"},"geometry":{"type":"Point","coordinates":[-71.0863722,42.7764782]}},{"type":"Feature","id":"haverhill-storm-points-0013","properties":{"type":"catchbasin","network":"storm","assetType":"Catch Basin","label":"Storm Catch Basin","depth":0.0,"depthSource":"nominal-demo","sourceLayer":"Storm Points","id":"haverhill-storm-points-0013"},"geometry":{"type":"Point","coordinates":[-71.086228,42.776839]}},{"type":"Feature","id":"haverhill-storm-points-0014","properties":{"type":"catchbasin","network":"storm","assetType":"Catch Basin","label":"Storm Catch Basin","depth":0.0,"depthSource":"nominal-demo","sourceLayer":"Storm Points","id":"haverhill-storm-points-0014"},"geometry":{"type":"Point","coordinates":[-71.085927,42.7765639]}},{"type":"Feature","id":"haverhill-storm-points-0015","properties":{"type":"catchbasin","network":"storm","assetType":"Catch Basin","label":"Storm Catch Basin","depth":0.0,"depthSource":"nominal-demo","sourceLayer":"Storm Points","id":"haverhill-storm-points-0015"},"geometry":{"type":"Point","coordinates":[-71.0857931,42.7765546]}},{"type":"Feature","id":"haverhill-storm-points-0016","properties":{"type":"catchbasin","network":"storm","assetType":"Catch Basin","label":"Storm Catch Basin","depth":0.0,"depthSource":"nominal-demo","sourceLayer":"Storm Points","id":"haverhill-storm-points-0016"},"geometry":{"type":"Point","coordinates":[-71.0861715,42.7766034]}},{"type":"Feature","id":"haverhill-storm-points-0017","properties":{"type":"catchbasin","network":"storm","assetType":"Catch Basin","label":"Storm Catch Basin","depth":0.0,"depthSource":"nominal-demo","sourceLayer":"Storm Points","id":"haverhill-storm-points-0017"},"geometry":{"type":"Point","coordinates":[-71.0860019,42.7768462]}},{"type":"Feature","id":"haverhill-storm-points-0018","properties":{"type":"catchbasin","network":"storm","assetType":"Catch Basin","label":"Storm Catch Basin","depth":0.0,"depthSource":"nominal-demo","sourceLayer":"Storm Points","id":"haverhill-storm-points-0018"},"geometry":{"type":"Point","coordinates":[-71.0858756,42.776337]}},{"type":"Feature","id":"haverhill-storm-points-0019","properties":{"type":"catchbasin","network":"storm","assetType":"Catch Basin","label":"Storm Catch Basin","depth":0.0,"depthSource":"nominal-demo","sourceLayer":"Storm Points","id":"haverhill-storm-points-0019"},"geometry":{"type":"Point","coordinates":[-71.0857935,42.7761779]}},{"type":"Feature","id":"haverhill-storm-points-0020","properties":{"type":"catchbasin","network":"storm","assetType":"Catch Basin","label":"Storm Catch Basin","depth":0.0,"depthSource":"nominal-demo","sourceLayer":"Storm Points","id":"haverhill-storm-points-0020"},"geometry":{"type":"Point","coordinates":[-71.0858301,42.7761352]}},{"type":"Feature","id":"haverhill-storm-points-0021","properties":{"type":"catchbasin","network":"storm","assetType":"Catch Basin","label":"Storm Catch Basin","depth":0.0,"depthSource":"nominal-demo","sourceLayer":"Storm Points","id":"haverhill-storm-points-0021"},"geometry":{"type":"Point","coordinates":[-71.0856909,42.7762636]}},{"type":"Feature","id":"haverhill-storm-points-0022","properties":{"type":"catchbasin","network":"storm","assetType":"Catch Basin","label":"Storm Catch Basin","depth":0.0,"depthSource":"nominal-demo","sourceLayer":"Storm Points","id":"haverhill-storm-points-0022"},"geometry":{"type":"Point","coordinates":[-71.0855842,42.7765757]}},{"type":"Feature","id":"haverhill-storm-points-0023","properties":{"type":"catchbasin","network":"storm","assetType":"Catch Basin","label":"Storm Catch Basin","depth":0.0,"depthSource":"nominal-demo","sourceLayer":"Storm Points","id":"haverhill-storm-points-0023"},"geometry":{"type":"Point","coordinates":[-71.0853049,42.7764449]}},{"type":"Feature","id":"haverhill-storm-points-0024","properties":{"type":"catchbasin","network":"storm","assetType":"Catch Basin","label":"Storm Catch Basin","depth":0.0,"depthSource":"nominal-demo","sourceLayer":"Storm Points","id":"haverhill-storm-points-0024"},"geometry":{"type":"Point","coordinates":[-71.08554,42.7761927]}},{"type":"Feature","id":"haverhill-storm-points-0025","properties":{"type":"catchbasin","network":"storm","assetType":"Catch Basin","label":"Storm Catch Basin","depth":0.0,"depthSource":"nominal-demo","sourceLayer":"Storm Points","id":"haverhill-storm-points-0025"},"geometry":{"type":"Point","coordinates":[-71.0856998,42.7761447]}},{"type":"Feature","id":"haverhill-storm-points-0026","properties":{"type":"catchbasin","network":"storm","assetType":"Catch Basin","label":"Storm Catch Basin","depth":0.0,"depthSource":"nominal-demo","sourceLayer":"Storm Points","id":"haverhill-storm-points-0026"},"geometry":{"type":"Point","coordinates":[-71.0857128,42.7760671]}},{"type":"Feature","id":"haverhill-storm-points-0027","properties":{"type":"catchbasin","network":"storm","assetType":"Catch Basin","label":"Storm Catch Basin","depth":0.0,"depthSource":"nominal-demo","sourceLayer":"Storm Points","id":"haverhill-storm-points-0027"},"geometry":{"type":"Point","coordinates":[-71.0856521,42.7760885]}},{"type":"Feature","id":"haverhill-storm-points-0028","properties":{"type":"catchbasin","network":"storm","assetType":"Catch Basin","label":"Storm Catch Basin","depth":0.0,"depthSource":"nominal-demo","sourceLayer":"Storm Points","id":"haverhill-storm-points-0028"},"geometry":{"type":"Point","coordinates":[-71.0856067,42.7761079]}},{"type":"Feature","id":"haverhill-storm-points-0029","properties":{"type":"catchbasin","network":"storm","assetType":"Catch Basin","label":"Storm Catch Basin","depth":0.0,"depthSource":"nominal-demo","sourceLayer":"Storm Points","id":"haverhill-storm-points-0029"},"geometry":{"type":"Point","coordinates":[-71.0855842,42.7761027]}},{"type":"Feature","id":"haverhill-storm-points-0030","properties":{"type":"catchbasin","network":"storm","assetType":"Catch Basin","label":"Storm Catch Basin","depth":0.0,"depthSource":"nominal-demo","sourceLayer":"Storm Points","id":"haverhill-storm-points-0030"},"geometry":{"type":"Point","coordinates":[-71.0855319,42.7759296]}},{"type":"Feature","id":"haverhill-storm-points-0031","properties":{"type":"catchbasin","network":"storm","assetType":"Catch Basin","label":"Storm Catch Basin","depth":0.0,"depthSource":"nominal-demo","sourceLayer":"Storm Points","id":"haverhill-storm-points-0031"},"geometry":{"type":"Point","coordinates":[-71.0855935,42.7759168]}},{"type":"Feature","id":"haverhill-storm-points-0032","properties":{"type":"catchbasin","network":"storm","assetType":"Catch Basin","label":"Storm Catch Basin","depth":0.0,"depthSource":"nominal-demo","sourceLayer":"Storm Points","id":"haverhill-storm-points-0032"},"geometry":{"type":"Point","coordinates":[-71.0855218,42.7759317]}},{"type":"Feature","id":"haverhill-storm-points-0033","properties":{"type":"catchbasin","network":"storm","assetType":"Catch Basin","label":"Storm Catch Basin","depth":0.0,"depthSource":"nominal-demo","sourceLayer":"Storm Points","id":"haverhill-storm-points-0033"},"geometry":{"type":"Point","coordinates":[-71.085518,42.7758462]}},{"type":"Feature","id":"haverhill-storm-points-0034","properties":{"type":"catchbasin","network":"storm","assetType":"Catch Basin","label":"Storm Catch Basin","depth":0.0,"depthSource":"nominal-demo","sourceLayer":"Storm Points","id":"haverhill-storm-points-0034"},"geometry":{"type":"Point","coordinates":[-71.085527,42.7756461]}},{"type":"Feature","id":"haverhill-storm-points-0035","properties":{"type":"catchbasin","network":"storm","assetType":"Catch Basin","label":"Storm Catch Basin","depth":0.0,"depthSource":"nominal-demo","sourceLayer":"Storm Points","id":"haverhill-storm-points-0035"},"geometry":{"type":"Point","coordinates":[-71.0852988,42.7753895]}},{"type":"Feature","id":"haverhill-storm-points-0036","properties":{"type":"catchbasin","network":"storm","assetType":"Catch Basin","label":"Storm Catch Basin","depth":0.0,"depthSource":"nominal-demo","sourceLayer":"Storm Points","id":"haverhill-storm-points-0036"},"geometry":{"type":"Point","coordinates":[-71.0854195,42.7754673]}},{"type":"Feature","id":"haverhill-storm-points-0037","properties":{"type":"catchbasin","network":"storm","assetType":"Catch Basin","label":"Storm Catch Basin","depth":0.0,"depthSource":"nominal-demo","sourceLayer":"Storm Points","id":"haverhill-storm-points-0037"},"geometry":{"type":"Point","coordinates":[-71.0854652,42.7753711]}},{"type":"Feature","id":"haverhill-storm-points-0038","properties":{"type":"catchbasin","network":"storm","assetType":"Catch Basin","label":"Storm Catch Basin","depth":0.0,"depthSource":"nominal-demo","sourceLayer":"Storm Points","id":"haverhill-storm-points-0038"},"geometry":{"type":"Point","coordinates":[-71.0854778,42.7753267]}},{"type":"Feature","id":"haverhill-storm-points-0039","properties":{"type":"catchbasin","network":"storm","assetType":"Catch Basin","label":"Storm Catch Basin","depth":0.0,"depthSource":"nominal-demo","sourceLayer":"Storm Points","id":"haverhill-storm-points-0039"},"geometry":{"type":"Point","coordinates":[-71.0853718,42.7751231]}},{"type":"Feature","id":"haverhill-storm-points-0040","properties":{"type":"catchbasin","network":"storm","assetType":"Catch Basin","label":"Storm Catch Basin","depth":0.0,"depthSource":"nominal-demo","sourceLayer":"Storm Points","id":"haverhill-storm-points-0040"},"geometry":{"type":"Point","coordinates":[-71.0842643,42.7748231]}},{"type":"Feature","id":"haverhill-storm-points-0041","properties":{"type":"catchbasin","network":"storm","assetType":"Catch Basin","label":"Storm Catch Basin","depth":0.0,"depthSource":"nominal-demo","sourceLayer":"Storm Points","id":"haverhill-storm-points-0041"},"geometry":{"type":"Point","coordinates":[-71.0837104,42.7746976]}},{"type":"Feature","id":"haverhill-storm-points-0042","properties":{"type":"catchbasin","network":"storm","assetType":"Catch Basin","label":"Storm Catch Basin","depth":0.0,"depthSource":"nominal-demo","sourceLayer":"Storm Points","id":"haverhill-storm-points-0042"},"geometry":{"type":"Point","coordinates":[-71.0833013,42.7746318]}},{"type":"Feature","id":"haverhill-storm-points-0043","properties":{"type":"catchbasin","network":"storm","assetType":"Catch Basin","label":"Storm Catch Basin","depth":0.0,"depthSource":"nominal-demo","sourceLayer":"Storm Points","id":"haverhill-storm-points-0043"},"geometry":{"type":"Point","coordinates":[-71.083301,42.7748295]}},{"type":"Feature","id":"haverhill-storm-points-0044","properties":{"type":"catchbasin","network":"storm","assetType":"Catch Basin","label":"Storm Catch Basin","depth":0.0,"depthSource":"nominal-demo","sourceLayer":"Storm Points","id":"haverhill-storm-points-0044"},"geometry":{"type":"Point","coordinates":[-71.0835094,42.7748664]}},{"type":"Feature","id":"haverhill-storm-points-0045","properties":{"type":"catchbasin","network":"storm","assetType":"Catch Basin","label":"Storm Catch Basin","depth":0.0,"depthSource":"nominal-demo","sourceLayer":"Storm Points","id":"haverhill-storm-points-0045"},"geometry":{"type":"Point","coordinates":[-71.0836146,42.7748419]}},{"type":"Feature","id":"haverhill-storm-points-0046","properties":{"type":"catchbasin","network":"storm","assetType":"Catch Basin","label":"Storm Catch Basin","depth":0.0,"depthSource":"nominal-demo","sourceLayer":"Storm Points","id":"haverhill-storm-points-0046"},"geometry":{"type":"Point","coordinates":[-71.0837299,42.7751104]}},{"type":"Feature","id":"haverhill-storm-points-0047","properties":{"type":"catchbasin","network":"storm","assetType":"Catch Basin","label":"Storm Catch Basin","depth":0.0,"depthSource":"nominal-demo","sourceLayer":"Storm Points","id":"haverhill-storm-points-0047"},"geometry":{"type":"Point","coordinates":[-71.0839424,42.7749814]}},{"type":"Feature","id":"haverhill-storm-points-0048","properties":{"type":"catchbasin","network":"storm","assetType":"Catch Basin","label":"Storm Catch Basin","depth":0.0,"depthSource":"nominal-demo","sourceLayer":"Storm Points","id":"haverhill-storm-points-0048"},"geometry":{"type":"Point","coordinates":[-71.0841103,42.7752497]}},{"type":"Feature","id":"haverhill-storm-points-0049","properties":{"type":"catchbasin","network":"storm","assetType":"Catch Basin","label":"Storm Catch Basin","depth":0.0,"depthSource":"nominal-demo","sourceLayer":"Storm Points","id":"haverhill-storm-points-0049"},"geometry":{"type":"Point","coordinates":[-71.084067,42.7753674]}},{"type":"Feature","id":"haverhill-storm-points-0050","properties":{"type":"catchbasin","network":"storm","assetType":"Catch Basin","label":"Storm Catch Basin","depth":0.0,"depthSource":"nominal-demo","sourceLayer":"Storm Points","id":"haverhill-storm-points-0050"},"geometry":{"type":"Point","coordinates":[-71.0842855,42.7752703]}},{"type":"Feature","id":"haverhill-storm-points-0051","properties":{"type":"catchbasin","network":"storm","assetType":"Catch Basin","label":"Storm Catch Basin","depth":0.0,"depthSource":"nominal-demo","sourceLayer":"Storm Points","id":"haverhill-storm-points-0051"},"geometry":{"type":"Point","coordinates":[-71.0843331,42.7751363]}},{"type":"Feature","id":"haverhill-storm-points-0052","properties":{"type":"catchbasin","network":"storm","assetType":"Catch Basin","label":"Storm Catch Basin","depth":0.0,"depthSource":"nominal-demo","sourceLayer":"Storm Points","id":"haverhill-storm-points-0052"},"geometry":{"type":"Point","coordinates":[-71.0834924,42.7749761]}},{"type":"Feature","id":"haverhill-storm-points-0053","properties":{"type":"catchbasin","network":"storm","assetType":"Catch Basin","label":"Storm Catch Basin","depth":0.0,"depthSource":"nominal-demo","sourceLayer":"Storm Points","id":"haverhill-storm-points-0053"},"geometry":{"type":"Point","coordinates":[-71.0834628,42.7750298]}},{"type":"Feature","id":"haverhill-storm-points-0054","properties":{"type":"catchbasin","network":"storm","assetType":"Catch Basin","label":"Storm Catch Basin","depth":0.0,"depthSource":"nominal-demo","sourceLayer":"Storm Points","id":"haverhill-storm-points-0054"},"geometry":{"type":"Point","coordinates":[-71.0834339,42.775085]}},{"type":"Feature","id":"haverhill-storm-points-0055","properties":{"type":"catchbasin","network":"storm","assetType":"Catch Basin","label":"Storm Catch Basin","depth":0.0,"depthSource":"nominal-demo","sourceLayer":"Storm Points","id":"haverhill-storm-points-0055"},"geometry":{"type":"Point","coordinates":[-71.0834044,42.7751394]}},{"type":"Feature","id":"haverhill-storm-points-0056","properties":{"type":"catchbasin","network":"storm","assetType":"Catch Basin","label":"Storm Catch Basin","depth":0.0,"depthSource":"nominal-demo","sourceLayer":"Storm Points","id":"haverhill-storm-points-0056"},"geometry":{"type":"Point","coordinates":[-71.0832448,42.7752202]}},{"type":"Feature","id":"haverhill-storm-points-0057","properties":{"type":"catchbasin","network":"storm","assetType":"Catch Basin","label":"Storm Catch Basin","depth":0.0,"depthSource":"nominal-demo","sourceLayer":"Storm Points","id":"haverhill-storm-points-0057"},"geometry":{"type":"Point","coordinates":[-71.0831613,42.7751984]}},{"type":"Feature","id":"haverhill-storm-points-0058","properties":{"type":"catchbasin","network":"storm","assetType":"Catch Basin","label":"Storm Catch Basin","depth":0.0,"depthSource":"nominal-demo","sourceLayer":"Storm Points","id":"haverhill-storm-points-0058"},"geometry":{"type":"Point","coordinates":[-71.0830948,42.7751794]}},{"type":"Feature","id":"haverhill-storm-points-0059","properties":{"type":"catchbasin","network":"storm","assetType":"Catch Basin","label":"Storm Catch Basin","depth":0.0,"depthSource":"nominal-demo","sourceLayer":"Storm Points","id":"haverhill-storm-points-0059"},"geometry":{"type":"Point","coordinates":[-71.0830352,42.7751624]}},{"type":"Feature","id":"haverhill-storm-points-0060","properties":{"type":"catchbasin","network":"storm","assetType":"Catch Basin","label":"Storm Catch Basin","depth":0.0,"depthSource":"nominal-demo","sourceLayer":"Storm Points","id":"haverhill-storm-points-0060"},"geometry":{"type":"Point","coordinates":[-71.0829772,42.7750541]}},{"type":"Feature","id":"haverhill-storm-points-0061","properties":{"type":"catchbasin","network":"storm","assetType":"Catch Basin","label":"Storm Catch Basin","depth":0.0,"depthSource":"nominal-demo","sourceLayer":"Storm Points","id":"haverhill-storm-points-0061"},"geometry":{"type":"Point","coordinates":[-71.0830025,42.7750064]}},{"type":"Feature","id":"haverhill-storm-points-0062","properties":{"type":"catchbasin","network":"storm","assetType":"Catch Basin","label":"Storm Catch Basin","depth":0.0,"depthSource":"nominal-demo","sourceLayer":"Storm Points","id":"haverhill-storm-points-0062"},"geometry":{"type":"Point","coordinates":[-71.0830311,42.774956]}},{"type":"Feature","id":"haverhill-storm-points-0063","properties":{"type":"catchbasin","network":"storm","assetType":"Catch Basin","label":"Storm Catch Basin","depth":0.0,"depthSource":"nominal-demo","sourceLayer":"Storm Points","id":"haverhill-storm-points-0063"},"geometry":{"type":"Point","coordinates":[-71.0830483,42.7749227]}},{"type":"Feature","id":"haverhill-storm-points-0064","properties":{"type":"catchbasin","network":"storm","assetType":"Catch Basin","label":"Storm Catch Basin","depth":0.0,"depthSource":"nominal-demo","sourceLayer":"Storm Points","id":"haverhill-storm-points-0064"},"geometry":{"type":"Point","coordinates":[-71.0830727,42.7748774]}},{"type":"Feature","id":"haverhill-storm-points-0065","properties":{"type":"catchbasin","network":"storm","assetType":"Catch Basin","label":"Storm Catch Basin","depth":0.0,"depthSource":"nominal-demo","sourceLayer":"Storm Points","id":"haverhill-storm-points-0065"},"geometry":{"type":"Point","coordinates":[-71.083101,42.7748235]}},{"type":"Feature","id":"haverhill-storm-points-0066","properties":{"type":"catchbasin","network":"storm","assetType":"Catch Basin","label":"Storm Catch Basin","depth":0.0,"depthSource":"nominal-demo","sourceLayer":"Storm Points","id":"haverhill-storm-points-0066"},"geometry":{"type":"Point","coordinates":[-71.0829449,42.7746765]}},{"type":"Feature","id":"haverhill-storm-points-0067","properties":{"type":"catchbasin","network":"storm","assetType":"Catch Basin","label":"Storm Catch Basin","depth":0.0,"depthSource":"nominal-demo","sourceLayer":"Storm Points","id":"haverhill-storm-points-0067"},"geometry":{"type":"Point","coordinates":[-71.0825945,42.7751676]}},{"type":"Feature","id":"haverhill-storm-points-0068","properties":{"type":"catchbasin","network":"storm","assetType":"Catch Basin","label":"Storm Catch Basin","depth":0.0,"depthSource":"nominal-demo","sourceLayer":"Storm Points","id":"haverhill-storm-points-0068"},"geometry":{"type":"Point","coordinates":[-71.082818,42.7744351]}},{"type":"Feature","id":"haverhill-storm-points-0069","properties":{"type":"catchbasin","network":"storm","assetType":"Catch Basin","label":"Storm Catch Basin","depth":0.0,"depthSource":"nominal-demo","sourceLayer":"Storm Points","id":"haverhill-storm-points-0069"},"geometry":{"type":"Point","coordinates":[-71.0826701,42.7744451]}},{"type":"Feature","id":"haverhill-storm-points-0070","properties":{"type":"manhole","network":"storm","assetType":"Manhole","label":"Storm Manhole","depth":0.0,"depthSource":"nominal-demo","sourceLayer":"Storm Points","id":"haverhill-storm-points-0070"},"geometry":{"type":"Point","coordinates":[-71.0850018,42.7762152]}},{"type":"Feature","id":"haverhill-storm-points-0071","properties":{"type":"manhole","network":"storm","assetType":"Manhole","label":"Storm Manhole","depth":0.0,"depthSource":"nominal-demo","sourceLayer":"Storm Points","id":"haverhill-storm-points-0071"},"geometry":{"type":"Point","coordinates":[-71.0830338,42.7744805]}},{"type":"Feature","id":"haverhill-storm-points-0072","properties":{"type":"manhole","network":"storm","assetType":"Manhole","label":"Storm Manhole","depth":0.0,"depthSource":"nominal-demo","sourceLayer":"Storm Points","id":"haverhill-storm-points-0072"},"geometry":{"type":"Point","coordinates":[-71.0830567,42.7744807]}},{"type":"Feature","id":"haverhill-storm-points-0073","properties":{"type":"manhole","network":"storm","assetType":"Manhole","label":"Storm Manhole","depth":0.0,"depthSource":"nominal-demo","sourceLayer":"Storm Points","id":"haverhill-storm-points-0073"},"geometry":{"type":"Point","coordinates":[-71.0852113,42.7764728]}},{"type":"Feature","id":"haverhill-storm-points-0074","properties":{"type":"manhole","network":"storm","assetType":"Manhole","label":"Storm Manhole","depth":0.0,"depthSource":"nominal-demo","sourceLayer":"Storm Points","id":"haverhill-storm-points-0074"},"geometry":{"type":"Point","coordinates":[-71.0843595,42.7761816]}},{"type":"Feature","id":"haverhill-storm-points-0075","properties":{"type":"manhole","network":"storm","assetType":"Manhole","label":"Storm Manhole","depth":0.0,"depthSource":"nominal-demo","sourceLayer":"Storm Points","id":"haverhill-storm-points-0075"},"geometry":{"type":"Point","coordinates":[-71.0841717,42.7747822]}},{"type":"Feature","id":"haverhill-storm-points-0076","properties":{"type":"manhole","network":"storm","assetType":"Manhole","label":"Storm Manhole","depth":0.0,"depthSource":"nominal-demo","sourceLayer":"Storm Points","id":"haverhill-storm-points-0076"},"geometry":{"type":"Point","coordinates":[-71.086279,42.7762247]}},{"type":"Feature","id":"haverhill-storm-points-0077","properties":{"type":"manhole","network":"storm","assetType":"Manhole","label":"Storm Manhole","depth":0.0,"depthSource":"nominal-demo","sourceLayer":"Storm Points","id":"haverhill-storm-points-0077"},"geometry":{"type":"Point","coordinates":[-71.0864187,42.7762306]}},{"type":"Feature","id":"haverhill-storm-points-0078","properties":{"type":"manhole","network":"storm","assetType":"Manhole","label":"Storm Manhole","depth":0.0,"depthSource":"nominal-demo","sourceLayer":"Storm Points","id":"haverhill-storm-points-0078"},"geometry":{"type":"Point","coordinates":[-71.0842921,42.7771177]}},{"type":"Feature","id":"haverhill-storm-points-0079","properties":{"type":"manhole","network":"storm","assetType":"Manhole","label":"Storm Manhole","depth":0.0,"depthSource":"nominal-demo","sourceLayer":"Storm Points","id":"haverhill-storm-points-0079"},"geometry":{"type":"Point","coordinates":[-71.0848904,42.7762094]}},{"type":"Feature","id":"haverhill-storm-points-0080","properties":{"type":"manhole","network":"storm","assetType":"Manhole","label":"Storm Manhole","depth":0.0,"depthSource":"nominal-demo","sourceLayer":"Storm Points","id":"haverhill-storm-points-0080"},"geometry":{"type":"Point","coordinates":[-71.0821687,42.7740569]}},{"type":"Feature","id":"haverhill-storm-points-0081","properties":{"type":"manhole","network":"storm","assetType":"Manhole","label":"Storm Manhole","depth":0.0,"depthSource":"nominal-demo","sourceLayer":"Storm Points","id":"haverhill-storm-points-0081"},"geometry":{"type":"Point","coordinates":[-71.0821997,42.7740097]}},{"type":"Feature","id":"haverhill-storm-points-0082","properties":{"type":"manhole","network":"storm","assetType":"Manhole","label":"Storm Manhole","depth":0.0,"depthSource":"nominal-demo","sourceLayer":"Storm Points","id":"haverhill-storm-points-0082"},"geometry":{"type":"Point","coordinates":[-71.0828812,42.7739236]}},{"type":"Feature","id":"haverhill-storm-points-0083","properties":{"type":"manhole","network":"storm","assetType":"Manhole","label":"Storm Manhole","depth":0.0,"depthSource":"nominal-demo","sourceLayer":"Storm Points","id":"haverhill-storm-points-0083"},"geometry":{"type":"Point","coordinates":[-71.0828086,42.7739476]}},{"type":"Feature","id":"haverhill-storm-points-0084","properties":{"type":"manhole","network":"storm","assetType":"Manhole","label":"Storm Manhole","depth":0.0,"depthSource":"nominal-demo","sourceLayer":"Storm Points","id":"haverhill-storm-points-0084"},"geometry":{"type":"Point","coordinates":[-71.0823602,42.7739798]}},{"type":"Feature","id":"haverhill-storm-points-0085","properties":{"type":"manhole","network":"storm","assetType":"Manhole","label":"Storm Manhole","depth":0.0,"depthSource":"nominal-demo","sourceLayer":"Storm Points","id":"haverhill-storm-points-0085"},"geometry":{"type":"Point","coordinates":[-71.0823127,42.7739937]}},{"type":"Feature","id":"haverhill-storm-points-0086","properties":{"type":"manhole","network":"storm","assetType":"Manhole","label":"Storm Manhole","depth":0.0,"depthSource":"nominal-demo","sourceLayer":"Storm Points","id":"haverhill-storm-points-0086"},"geometry":{"type":"Point","coordinates":[-71.082321,42.7738706]}},{"type":"Feature","id":"haverhill-storm-points-0087","properties":{"type":"manhole","network":"storm","assetType":"Manhole","label":"Storm Manhole","depth":0.0,"depthSource":"nominal-demo","sourceLayer":"Storm Points","id":"haverhill-storm-points-0087"},"geometry":{"type":"Point","coordinates":[-71.085485,42.7756431]}},{"type":"Feature","id":"haverhill-storm-points-0088","properties":{"type":"manhole","network":"storm","assetType":"Manhole","label":"Storm Manhole","depth":0.0,"depthSource":"nominal-demo","sourceLayer":"Storm Points","id":"haverhill-storm-points-0088"},"geometry":{"type":"Point","coordinates":[-71.0832655,42.7741944]}},{"type":"Feature","id":"haverhill-storm-points-0089","properties":{"type":"catchbasin","network":"storm","assetType":"Catch Basin","label":"Storm Catch Basin","depth":0.0,"depthSource":"nominal-demo","sourceLayer":"Storm Points","id":"haverhill-storm-points-0089"},"geometry":{"type":"Point","coordinates":[-71.0846071,42.7746379]}},{"type":"Feature","id":"haverhill-storm-points-0090","properties":{"type":"catchbasin","network":"storm","assetType":"Catch Basin","label":"Storm Catch Basin","depth":0.0,"depthSource":"nominal-demo","sourceLayer":"Storm Points","id":"haverhill-storm-points-0090"},"geometry":{"type":"Point","coordinates":[-71.0821178,42.7762283]}},{"type":"Feature","id":"haverhill-storm-points-0091","properties":{"type":"catchbasin","network":"storm","assetType":"Catch Basin","label":"Storm Catch Basin","depth":0.0,"depthSource":"nominal-demo","sourceLayer":"Storm Points","id":"haverhill-storm-points-0091"},"geometry":{"type":"Point","coordinates":[-71.0822023,42.7754354]}},{"type":"Feature","id":"haverhill-storm-points-0092","properties":{"type":"catchbasin","network":"storm","assetType":"Catch Basin","label":"Storm Catch Basin","depth":0.0,"depthSource":"nominal-demo","sourceLayer":"Storm Points","id":"haverhill-storm-points-0092"},"geometry":{"type":"Point","coordinates":[-71.0850436,42.7751739]}},{"type":"Feature","id":"haverhill-storm-points-0093","properties":{"type":"catchbasin","network":"storm","assetType":"Catch Basin","label":"Storm Catch Basin","depth":0.0,"depthSource":"nominal-demo","sourceLayer":"Storm Points","id":"haverhill-storm-points-0093"},"geometry":{"type":"Point","coordinates":[-71.0849345,42.7751227]}},{"type":"Feature","id":"haverhill-storm-points-0094","properties":{"type":"catchbasin","network":"storm","assetType":"Catch Basin","label":"Storm Catch Basin","depth":0.0,"depthSource":"nominal-demo","sourceLayer":"Storm Points","id":"haverhill-storm-points-0094"},"geometry":{"type":"Point","coordinates":[-71.0850523,42.7755988]}},{"type":"Feature","id":"haverhill-storm-points-0095","properties":{"type":"catchbasin","network":"storm","assetType":"Catch Basin","label":"Storm Catch Basin","depth":0.0,"depthSource":"nominal-demo","sourceLayer":"Storm Points","id":"haverhill-storm-points-0095"},"geometry":{"type":"Point","coordinates":[-71.0849348,42.7755901]}},{"type":"Feature","id":"haverhill-storm-points-0096","properties":{"type":"catchbasin","network":"storm","assetType":"Catch Basin","label":"Storm Catch Basin","depth":0.0,"depthSource":"nominal-demo","sourceLayer":"Storm Points","id":"haverhill-storm-points-0096"},"geometry":{"type":"Point","coordinates":[-71.0850639,42.7758879]}},{"type":"Feature","id":"haverhill-storm-points-0097","properties":{"type":"catchbasin","network":"storm","assetType":"Catch Basin","label":"Storm Catch Basin","depth":0.0,"depthSource":"nominal-demo","sourceLayer":"Storm Points","id":"haverhill-storm-points-0097"},"geometry":{"type":"Point","coordinates":[-71.084939,42.7758851]}},{"type":"Feature","id":"haverhill-storm-points-0098","properties":{"type":"catchbasin","network":"storm","assetType":"Catch Basin","label":"Storm Catch Basin","depth":0.0,"depthSource":"nominal-demo","sourceLayer":"Storm Points","id":"haverhill-storm-points-0098"},"geometry":{"type":"Point","coordinates":[-71.084985,42.776353]}},{"type":"Feature","id":"haverhill-storm-points-0099","properties":{"type":"catchbasin","network":"storm","assetType":"Catch Basin","label":"Storm Catch Basin","depth":0.0,"depthSource":"nominal-demo","sourceLayer":"Storm Points","id":"haverhill-storm-points-0099"},"geometry":{"type":"Point","coordinates":[-71.0850825,42.7762368]}},{"type":"Feature","id":"haverhill-storm-points-0100","properties":{"type":"catchbasin","network":"storm","assetType":"Catch Basin","label":"Storm Catch Basin","depth":0.0,"depthSource":"nominal-demo","sourceLayer":"Storm Points","id":"haverhill-storm-points-0100"},"geometry":{"type":"Point","coordinates":[-71.0826272,42.7745271]}},{"type":"Feature","id":"haverhill-storm-points-0101","properties":{"type":"catchbasin","network":"storm","assetType":"Catch Basin","label":"Storm Catch Basin","depth":0.0,"depthSource":"nominal-demo","sourceLayer":"Storm Points","id":"haverhill-storm-points-0101"},"geometry":{"type":"Point","coordinates":[-71.0864221,42.7775961]}},{"type":"Feature","id":"haverhill-storm-points-0102","properties":{"type":"catchbasin","network":"storm","assetType":"Catch Basin","label":"Storm Catch Basin","depth":0.0,"depthSource":"nominal-demo","sourceLayer":"Storm Points","id":"haverhill-storm-points-0102"},"geometry":{"type":"Point","coordinates":[-71.0871083,42.7775408]}},{"type":"Feature","id":"haverhill-storm-points-0103","properties":{"type":"catchbasin","network":"storm","assetType":"Catch Basin","label":"Storm Catch Basin","depth":0.0,"depthSource":"nominal-demo","sourceLayer":"Storm Points","id":"haverhill-storm-points-0103"},"geometry":{"type":"Point","coordinates":[-71.0874841,42.7774951]}},{"type":"Feature","id":"haverhill-storm-points-0104","properties":{"type":"catchbasin","network":"storm","assetType":"Catch Basin","label":"Storm Catch Basin","depth":0.0,"depthSource":"nominal-demo","sourceLayer":"Storm Points","id":"haverhill-storm-points-0104"},"geometry":{"type":"Point","coordinates":[-71.0889885,42.7773168]}},{"type":"Feature","id":"haverhill-storm-points-0105","properties":{"type":"catchbasin","network":"storm","assetType":"Catch Basin","label":"Storm Catch Basin","depth":0.0,"depthSource":"nominal-demo","sourceLayer":"Storm Points","id":"haverhill-storm-points-0105"},"geometry":{"type":"Point","coordinates":[-71.0881945,42.777409]}},{"type":"Feature","id":"haverhill-storm-points-0106","properties":{"type":"catchbasin","network":"storm","assetType":"Catch Basin","label":"Storm Catch Basin","depth":0.0,"depthSource":"nominal-demo","sourceLayer":"Storm Points","id":"haverhill-storm-points-0106"},"geometry":{"type":"Point","coordinates":[-71.0824117,42.7741113]}},{"type":"Feature","id":"haverhill-storm-points-0107","properties":{"type":"catchbasin","network":"storm","assetType":"Catch Basin","label":"Storm Catch Basin","depth":0.0,"depthSource":"nominal-demo","sourceLayer":"Storm Points","id":"haverhill-storm-points-0107"},"geometry":{"type":"Point","coordinates":[-71.0824222,42.7741907]}},{"type":"Feature","id":"haverhill-storm-points-0108","properties":{"type":"catchbasin","network":"storm","assetType":"Catch Basin","label":"Storm Catch Basin","depth":0.0,"depthSource":"nominal-demo","sourceLayer":"Storm Points","id":"haverhill-storm-points-0108"},"geometry":{"type":"Point","coordinates":[-71.0824432,42.7743129]}},{"type":"Feature","id":"haverhill-storm-points-0109","properties":{"type":"catchbasin","network":"storm","assetType":"Catch Basin","label":"Storm Catch Basin","depth":0.0,"depthSource":"nominal-demo","sourceLayer":"Storm Points","id":"haverhill-storm-points-0109"},"geometry":{"type":"Point","coordinates":[-71.0828598,42.7743102]}},{"type":"Feature","id":"haverhill-storm-points-0110","properties":{"type":"catchbasin","network":"storm","assetType":"Catch Basin","label":"Storm Catch Basin","depth":0.0,"depthSource":"nominal-demo","sourceLayer":"Storm Points","id":"haverhill-storm-points-0110"},"geometry":{"type":"Point","coordinates":[-71.0821287,42.7740021]}},{"type":"Feature","id":"haverhill-storm-points-0111","properties":{"type":"catchbasin","network":"storm","assetType":"Catch Basin","label":"Storm Catch Basin","depth":0.0,"depthSource":"nominal-demo","sourceLayer":"Storm Points","id":"haverhill-storm-points-0111"},"geometry":{"type":"Point","coordinates":[-71.0822389,42.7744008]}},{"type":"Feature","id":"haverhill-storm-points-0112","properties":{"type":"catchbasin","network":"storm","assetType":"Catch Basin","label":"Storm Catch Basin","depth":0.0,"depthSource":"nominal-demo","sourceLayer":"Storm Points","id":"haverhill-storm-points-0112"},"geometry":{"type":"Point","coordinates":[-71.0822719,42.774978]}},{"type":"Feature","id":"haverhill-storm-points-0113","properties":{"type":"catchbasin","network":"storm","assetType":"Catch Basin","label":"Storm Catch Basin","depth":0.0,"depthSource":"nominal-demo","sourceLayer":"Storm Points","id":"haverhill-storm-points-0113"},"geometry":{"type":"Point","coordinates":[-71.0828397,42.7738261]}},{"type":"Feature","id":"haverhill-storm-points-0114","properties":{"type":"catchbasin","network":"storm","assetType":"Catch Basin","label":"Storm Catch Basin","depth":0.0,"depthSource":"nominal-demo","sourceLayer":"Storm Points","id":"haverhill-storm-points-0114"},"geometry":{"type":"Point","coordinates":[-71.0830337,42.7739769]}},{"type":"Feature","id":"haverhill-storm-points-0115","properties":{"type":"catchbasin","network":"storm","assetType":"Catch Basin","label":"Storm Catch Basin","depth":0.0,"depthSource":"nominal-demo","sourceLayer":"Storm Points","id":"haverhill-storm-points-0115"},"geometry":{"type":"Point","coordinates":[-71.0828769,42.7762003]}},{"type":"Feature","id":"haverhill-storm-points-0116","properties":{"type":"catchbasin","network":"storm","assetType":"Catch Basin","label":"Storm Catch Basin","depth":0.0,"depthSource":"nominal-demo","sourceLayer":"Storm Points","id":"haverhill-storm-points-0116"},"geometry":{"type":"Point","coordinates":[-71.0828768,42.7761137]}},{"type":"Feature","id":"haverhill-storm-points-0117","properties":{"type":"catchbasin","network":"storm","assetType":"Catch Basin","label":"Storm Catch Basin","depth":0.0,"depthSource":"nominal-demo","sourceLayer":"Storm Points","material":"Brick","id":"haverhill-storm-points-0117"},"geometry":{"type":"Point","coordinates":[-71.08391,42.7761704]}},{"type":"Feature","id":"haverhill-storm-points-0118","properties":{"type":"catchbasin","network":"storm","assetType":"Catch Basin","label":"Storm Catch Basin","depth":0.0,"depthSource":"nominal-demo","sourceLayer":"Storm Points","material":"Brick","id":"haverhill-storm-points-0118"},"geometry":{"type":"Point","coordinates":[-71.0839029,42.7762556]}},{"type":"Feature","id":"haverhill-storm-points-0119","properties":{"type":"catchbasin","network":"storm","assetType":"Catch Basin","label":"Storm Catch Basin","depth":0.0,"depthSource":"nominal-demo","sourceLayer":"Storm Points","id":"haverhill-storm-points-0119"},"geometry":{"type":"Point","coordinates":[-71.0831124,42.7743817]}},{"type":"Feature","id":"haverhill-storm-points-0120","properties":{"type":"catchbasin","network":"storm","assetType":"Catch Basin","label":"Storm Catch Basin","depth":0.0,"depthSource":"nominal-demo","sourceLayer":"Storm Points","id":"haverhill-storm-points-0120"},"geometry":{"type":"Point","coordinates":[-71.0832953,42.7745168]}},{"type":"Feature","id":"haverhill-storm-points-0121","properties":{"type":"catchbasin","network":"storm","assetType":"Catch Basin","label":"Storm Catch Basin","depth":0.0,"depthSource":"nominal-demo","sourceLayer":"Storm Points","id":"haverhill-storm-points-0121"},"geometry":{"type":"Point","coordinates":[-71.0838694,42.7743518]}},{"type":"Feature","id":"haverhill-storm-points-0122","properties":{"type":"catchbasin","network":"storm","assetType":"Catch Basin","label":"Storm Catch Basin","depth":0.0,"depthSource":"nominal-demo","sourceLayer":"Storm Points","id":"haverhill-storm-points-0122"},"geometry":{"type":"Point","coordinates":[-71.0891638,42.7769455]}},{"type":"Feature","id":"haverhill-storm-points-0123","properties":{"type":"catchbasin","network":"storm","assetType":"Catch Basin","label":"Storm Catch Basin","depth":0.0,"depthSource":"nominal-demo","sourceLayer":"Storm Points","id":"haverhill-storm-points-0123"},"geometry":{"type":"Point","coordinates":[-71.0820207,42.7776039]}},{"type":"Feature","id":"haverhill-storm-points-0124","properties":{"type":"catchbasin","network":"storm","assetType":"Catch Basin","label":"Storm Catch Basin","depth":0.0,"depthSource":"nominal-demo","sourceLayer":"Storm Points","id":"haverhill-storm-points-0124"},"geometry":{"type":"Point","coordinates":[-71.0888191,42.7766264]}},{"type":"Feature","id":"haverhill-storm-points-0125","properties":{"type":"catchbasin","network":"storm","assetType":"Catch Basin","label":"Storm Catch Basin","depth":0.0,"depthSource":"nominal-demo","sourceLayer":"Storm Points","id":"haverhill-storm-points-0125"},"geometry":{"type":"Point","coordinates":[-71.0860019,42.7776453]}},{"type":"Feature","id":"haverhill-storm-points-0126","properties":{"type":"catchbasin","network":"storm","assetType":"Catch Basin","label":"Storm Catch Basin","depth":0.0,"depthSource":"nominal-demo","sourceLayer":"Storm Points","id":"haverhill-storm-points-0126"},"geometry":{"type":"Point","coordinates":[-71.0837604,42.7777184]}},{"type":"Feature","id":"haverhill-storm-points-0127","properties":{"type":"catchbasin","network":"storm","assetType":"Catch Basin","label":"Storm Catch Basin","depth":0.0,"depthSource":"nominal-demo","sourceLayer":"Storm Points","id":"haverhill-storm-points-0127"},"geometry":{"type":"Point","coordinates":[-71.0834472,42.7777004]}},{"type":"Feature","id":"haverhill-storm-points-0128","properties":{"type":"catchbasin","network":"storm","assetType":"Catch Basin","label":"Storm Catch Basin","depth":0.0,"depthSource":"nominal-demo","sourceLayer":"Storm Points","id":"haverhill-storm-points-0128"},"geometry":{"type":"Point","coordinates":[-71.0825581,42.7776419]}},{"type":"Feature","id":"haverhill-storm-points-0129","properties":{"type":"catchbasin","network":"storm","assetType":"Catch Basin","label":"Storm Catch Basin","depth":0.0,"depthSource":"nominal-demo","sourceLayer":"Storm Points","id":"haverhill-storm-points-0129"},"geometry":{"type":"Point","coordinates":[-71.0824513,42.7769283]}},{"type":"Feature","id":"haverhill-storm-points-0130","properties":{"type":"catchbasin","network":"storm","assetType":"Catch Basin","label":"Storm Catch Basin","depth":0.0,"depthSource":"nominal-demo","sourceLayer":"Storm Points","id":"haverhill-storm-points-0130"},"geometry":{"type":"Point","coordinates":[-71.0821044,42.7768166]}},{"type":"Feature","id":"haverhill-storm-points-0131","properties":{"type":"catchbasin","network":"storm","assetType":"Catch Basin","label":"Storm Catch Basin","depth":0.0,"depthSource":"nominal-demo","sourceLayer":"Storm Points","id":"haverhill-storm-points-0131"},"geometry":{"type":"Point","coordinates":[-71.0820893,42.7769058]}},{"type":"Feature","id":"haverhill-storm-points-0132","properties":{"type":"catchbasin","network":"storm","assetType":"Catch Basin","label":"Storm Catch Basin","depth":0.0,"depthSource":"nominal-demo","sourceLayer":"Storm Points","id":"haverhill-storm-points-0132"},"geometry":{"type":"Point","coordinates":[-71.0820465,42.7769311]}},{"type":"Feature","id":"haverhill-storm-points-0133","properties":{"type":"catchbasin","network":"storm","assetType":"Catch Basin","label":"Storm Catch Basin","depth":0.0,"depthSource":"nominal-demo","sourceLayer":"Storm Points","id":"haverhill-storm-points-0133"},"geometry":{"type":"Point","coordinates":[-71.082981,42.7768664]}},{"type":"Feature","id":"haverhill-storm-points-0134","properties":{"type":"catchbasin","network":"storm","assetType":"Catch Basin","label":"Storm Catch Basin","depth":0.0,"depthSource":"nominal-demo","sourceLayer":"Storm Points","material":"Concrete Block","id":"haverhill-storm-points-0134"},"geometry":{"type":"Point","coordinates":[-71.0831355,42.7769584]}},{"type":"Feature","id":"haverhill-storm-points-0135","properties":{"type":"catchbasin","network":"storm","assetType":"Catch Basin","label":"Storm Catch Basin","depth":0.0,"depthSource":"nominal-demo","sourceLayer":"Storm Points","material":"Brick","id":"haverhill-storm-points-0135"},"geometry":{"type":"Point","coordinates":[-71.0838372,42.7769144]}},{"type":"Feature","id":"haverhill-storm-points-0136","properties":{"type":"catchbasin","network":"storm","assetType":"Catch Basin","label":"Storm Catch Basin","depth":0.0,"depthSource":"nominal-demo","sourceLayer":"Storm Points","id":"haverhill-storm-points-0136"},"geometry":{"type":"Point","coordinates":[-71.0838351,42.7769927]}},{"type":"Feature","id":"haverhill-storm-points-0137","properties":{"type":"catchbasin","network":"storm","assetType":"Catch Basin","label":"Storm Catch Basin","depth":0.0,"depthSource":"nominal-demo","sourceLayer":"Storm Points","material":"Concrete Block","id":"haverhill-storm-points-0137"},"geometry":{"type":"Point","coordinates":[-71.084006,42.7769202]}},{"type":"Feature","id":"haverhill-storm-points-0138","properties":{"type":"catchbasin","network":"storm","assetType":"Catch Basin","label":"Storm Catch Basin","depth":0.0,"depthSource":"nominal-demo","sourceLayer":"Storm Points","material":"Concrete Block","id":"haverhill-storm-points-0138"},"geometry":{"type":"Point","coordinates":[-71.0838728,42.7770553]}},{"type":"Feature","id":"haverhill-storm-points-0139","properties":{"type":"catchbasin","network":"storm","assetType":"Catch Basin","label":"Storm Catch Basin","depth":0.0,"depthSource":"nominal-demo","sourceLayer":"Storm Points","id":"haverhill-storm-points-0139"},"geometry":{"type":"Point","coordinates":[-71.0843748,42.7770523]}},{"type":"Feature","id":"haverhill-storm-points-0140","properties":{"type":"catchbasin","network":"storm","assetType":"Catch Basin","label":"Storm Catch Basin","depth":0.0,"depthSource":"nominal-demo","sourceLayer":"Storm Points","id":"haverhill-storm-points-0140"},"geometry":{"type":"Point","coordinates":[-71.0850117,42.7767208]}},{"type":"Feature","id":"haverhill-storm-points-0141","properties":{"type":"catchbasin","network":"storm","assetType":"Catch Basin","label":"Storm Catch Basin","depth":0.0,"depthSource":"nominal-demo","sourceLayer":"Storm Points","id":"haverhill-storm-points-0141"},"geometry":{"type":"Point","coordinates":[-71.0851008,42.7767185]}},{"type":"Feature","id":"haverhill-storm-points-0142","properties":{"type":"catchbasin","network":"storm","assetType":"Catch Basin","label":"Storm Catch Basin","depth":0.0,"depthSource":"nominal-demo","sourceLayer":"Storm Points","id":"haverhill-storm-points-0142"},"geometry":{"type":"Point","coordinates":[-71.0849038,42.77622]}},{"type":"Feature","id":"haverhill-storm-points-0143","properties":{"type":"catchbasin","network":"storm","assetType":"Catch Basin","label":"Storm Catch Basin","depth":0.0,"depthSource":"nominal-demo","sourceLayer":"Storm Points","material":"Concrete Block","id":"haverhill-storm-points-0143"},"geometry":{"type":"Point","coordinates":[-71.0840693,42.7763092]}},{"type":"Feature","id":"haverhill-storm-points-0144","properties":{"type":"catchbasin","network":"storm","assetType":"Catch Basin","label":"Storm Catch Basin","depth":0.0,"depthSource":"nominal-demo","sourceLayer":"Storm Points","material":"Brick","id":"haverhill-storm-points-0144"},"geometry":{"type":"Point","coordinates":[-71.0839446,42.7762972]}},{"type":"Feature","id":"haverhill-storm-points-0145","properties":{"type":"catchbasin","network":"storm","assetType":"Catch Basin","label":"Storm Catch Basin","depth":0.0,"depthSource":"nominal-demo","sourceLayer":"Storm Points","material":"Concrete Block","id":"haverhill-storm-points-0145"},"geometry":{"type":"Point","coordinates":[-71.0840452,42.7765349]}},{"type":"Feature","id":"haverhill-storm-points-0146","properties":{"type":"catchbasin","network":"storm","assetType":"Catch Basin","label":"Storm Catch Basin","depth":0.0,"depthSource":"nominal-demo","sourceLayer":"Storm Points","id":"haverhill-storm-points-0146"},"geometry":{"type":"Point","coordinates":[-71.0840585,42.776808]}},{"type":"Feature","id":"haverhill-storm-points-0147","properties":{"type":"catchbasin","network":"storm","assetType":"Catch Basin","label":"Storm Catch Basin","depth":0.0,"depthSource":"nominal-demo","sourceLayer":"Storm Points","id":"haverhill-storm-points-0147"},"geometry":{"type":"Point","coordinates":[-71.0841379,42.7768017]}},{"type":"Feature","id":"haverhill-storm-points-0148","properties":{"type":"catchbasin","network":"storm","assetType":"Catch Basin","label":"Storm Catch Basin","depth":0.0,"depthSource":"nominal-demo","sourceLayer":"Storm Points","id":"haverhill-storm-points-0148"},"geometry":{"type":"Point","coordinates":[-71.0839992,42.7757653]}},{"type":"Feature","id":"haverhill-storm-points-0149","properties":{"type":"catchbasin","network":"storm","assetType":"Catch Basin","label":"Storm Catch Basin","depth":0.0,"depthSource":"nominal-demo","sourceLayer":"Storm Points","id":"haverhill-storm-points-0149"},"geometry":{"type":"Point","coordinates":[-71.0841303,42.7757268]}},{"type":"Feature","id":"haverhill-storm-points-0150","properties":{"type":"catchbasin","network":"storm","assetType":"Catch Basin","label":"Storm Catch Basin","depth":0.0,"depthSource":"nominal-demo","sourceLayer":"Storm Points","id":"haverhill-storm-points-0150"},"geometry":{"type":"Point","coordinates":[-71.0841629,42.7752615]}},{"type":"Feature","id":"haverhill-storm-points-0151","properties":{"type":"catchbasin","network":"storm","assetType":"Catch Basin","label":"Storm Catch Basin","depth":0.0,"depthSource":"nominal-demo","sourceLayer":"Storm Points","id":"haverhill-storm-points-0151"},"geometry":{"type":"Point","coordinates":[-71.0850989,42.7755676]}},{"type":"Feature","id":"haverhill-storm-points-0152","properties":{"type":"catchbasin","network":"storm","assetType":"Catch Basin","label":"Storm Catch Basin","depth":0.0,"depthSource":"nominal-demo","sourceLayer":"Storm Points","id":"haverhill-storm-points-0152"},"geometry":{"type":"Point","coordinates":[-71.0852873,42.7749039]}},{"type":"Feature","id":"haverhill-storm-points-0153","properties":{"type":"catchbasin","network":"storm","assetType":"Catch Basin","label":"Storm Catch Basin","depth":0.0,"depthSource":"nominal-demo","sourceLayer":"Storm Points","id":"haverhill-storm-points-0153"},"geometry":{"type":"Point","coordinates":[-71.0848615,42.7753169]}},{"type":"Feature","id":"haverhill-storm-points-0154","properties":{"type":"catchbasin","network":"storm","assetType":"Catch Basin","label":"Storm Catch Basin","depth":0.0,"depthSource":"nominal-demo","sourceLayer":"Storm Points","id":"haverhill-storm-points-0154"},"geometry":{"type":"Point","coordinates":[-71.0865572,42.7754152]}},{"type":"Feature","id":"haverhill-storm-points-0155","properties":{"type":"catchbasin","network":"storm","assetType":"Catch Basin","label":"Storm Catch Basin","depth":0.0,"depthSource":"nominal-demo","sourceLayer":"Storm Points","id":"haverhill-storm-points-0155"},"geometry":{"type":"Point","coordinates":[-71.0864227,42.7773077]}},{"type":"Feature","id":"haverhill-storm-points-0156","properties":{"type":"catchbasin","network":"storm","assetType":"Catch Basin","label":"Storm Catch Basin","depth":0.0,"depthSource":"nominal-demo","sourceLayer":"Storm Points","id":"haverhill-storm-points-0156"},"geometry":{"type":"Point","coordinates":[-71.0865295,42.777268]}},{"type":"Feature","id":"haverhill-storm-points-0157","properties":{"type":"catchbasin","network":"storm","assetType":"Catch Basin","label":"Storm Catch Basin","depth":0.0,"depthSource":"nominal-demo","sourceLayer":"Storm Points","id":"haverhill-storm-points-0157"},"geometry":{"type":"Point","coordinates":[-71.0858781,42.7771271]}},{"type":"Feature","id":"haverhill-storm-points-0158","properties":{"type":"catchbasin","network":"storm","assetType":"Catch Basin","label":"Storm Catch Basin","depth":0.0,"depthSource":"nominal-demo","sourceLayer":"Storm Points","id":"haverhill-storm-points-0158"},"geometry":{"type":"Point","coordinates":[-71.085923,42.7770507]}},{"type":"Feature","id":"haverhill-storm-points-0159","properties":{"type":"catchbasin","network":"storm","assetType":"Catch Basin","label":"Storm Catch Basin","depth":0.0,"depthSource":"nominal-demo","sourceLayer":"Storm Points","id":"haverhill-storm-points-0159"},"geometry":{"type":"Point","coordinates":[-71.0855056,42.7769629]}},{"type":"Feature","id":"haverhill-storm-points-0160","properties":{"type":"catchbasin","network":"storm","assetType":"Catch Basin","label":"Storm Catch Basin","depth":0.0,"depthSource":"nominal-demo","sourceLayer":"Storm Points","id":"haverhill-storm-points-0160"},"geometry":{"type":"Point","coordinates":[-71.0836171,42.7756338]}},{"type":"Feature","id":"haverhill-storm-points-0161","properties":{"type":"catchbasin","network":"storm","assetType":"Catch Basin","label":"Storm Catch Basin","depth":0.0,"depthSource":"nominal-demo","sourceLayer":"Storm Points","id":"haverhill-storm-points-0161"},"geometry":{"type":"Point","coordinates":[-71.083682,42.7755591]}},{"type":"Feature","id":"haverhill-storm-points-0162","properties":{"type":"catchbasin","network":"storm","assetType":"Catch Basin","label":"Storm Catch Basin","depth":0.0,"depthSource":"nominal-demo","sourceLayer":"Storm Points","id":"haverhill-storm-points-0162"},"geometry":{"type":"Point","coordinates":[-71.0828147,42.775399]}},{"type":"Feature","id":"haverhill-storm-points-0163","properties":{"type":"catchbasin","network":"storm","assetType":"Catch Basin","label":"Storm Catch Basin","depth":0.0,"depthSource":"nominal-demo","sourceLayer":"Storm Points","id":"haverhill-storm-points-0163"},"geometry":{"type":"Point","coordinates":[-71.0823073,42.7738628]}},{"type":"Feature","id":"haverhill-storm-points-0164","properties":{"type":"catchbasin","network":"storm","assetType":"Catch Basin","label":"Storm Catch Basin","depth":0.0,"depthSource":"nominal-demo","sourceLayer":"Storm Points","id":"haverhill-storm-points-0164"},"geometry":{"type":"Point","coordinates":[-71.0823574,42.7738509]}},{"type":"Feature","id":"haverhill-storm-points-0165","properties":{"type":"catchbasin","network":"storm","assetType":"Catch Basin","label":"Storm Catch Basin","depth":0.0,"depthSource":"nominal-demo","sourceLayer":"Storm Points","id":"haverhill-storm-points-0165"},"geometry":{"type":"Point","coordinates":[-71.0843919,42.7760022]}},{"type":"Feature","id":"haverhill-storm-points-0166","properties":{"type":"catchbasin","network":"storm","assetType":"Catch Basin","label":"Storm Catch Basin","depth":0.0,"depthSource":"nominal-demo","sourceLayer":"Storm Points","id":"haverhill-storm-points-0166"},"geometry":{"type":"Point","coordinates":[-71.0880041,42.7761802]}},{"type":"Feature","id":"haverhill-storm-points-0167","properties":{"type":"catchbasin","network":"storm","assetType":"Catch Basin","label":"Storm Catch Basin","depth":0.0,"depthSource":"nominal-demo","sourceLayer":"Storm Points","id":"haverhill-storm-points-0167"},"geometry":{"type":"Point","coordinates":[-71.0877461,42.7760453]}},{"type":"Feature","id":"haverhill-storm-points-0168","properties":{"type":"catchbasin","network":"storm","assetType":"Catch Basin","label":"Storm Catch Basin","depth":0.0,"depthSource":"nominal-demo","sourceLayer":"Storm Points","id":"haverhill-storm-points-0168"},"geometry":{"type":"Point","coordinates":[-71.0878621,42.7770537]}},{"type":"Feature","id":"haverhill-storm-points-0169","properties":{"type":"catchbasin","network":"storm","assetType":"Catch Basin","label":"Storm Catch Basin","depth":0.0,"depthSource":"nominal-demo","sourceLayer":"Storm Points","id":"haverhill-storm-points-0169"},"geometry":{"type":"Point","coordinates":[-71.0879721,42.7771884]}},{"type":"Feature","id":"haverhill-storm-points-0170","properties":{"type":"catchbasin","network":"storm","assetType":"Catch Basin","label":"Storm Catch Basin","depth":0.0,"depthSource":"nominal-demo","sourceLayer":"Storm Points","id":"haverhill-storm-points-0170"},"geometry":{"type":"Point","coordinates":[-71.0880202,42.7773734]}},{"type":"Feature","id":"haverhill-storm-points-0171","properties":{"type":"catchbasin","network":"storm","assetType":"Catch Basin","label":"Storm Catch Basin","depth":0.0,"depthSource":"nominal-demo","sourceLayer":"Storm Points","id":"haverhill-storm-points-0171"},"geometry":{"type":"Point","coordinates":[-71.0849143,42.7762986]}},{"type":"Feature","id":"haverhill-storm-points-0172","properties":{"type":"catchbasin","network":"storm","assetType":"Catch Basin","label":"Storm Catch Basin","depth":0.0,"depthSource":"nominal-demo","sourceLayer":"Storm Points","id":"haverhill-storm-points-0172"},"geometry":{"type":"Point","coordinates":[-71.0830917,42.776513]}},{"type":"Feature","id":"haverhill-storm-points-0173","properties":{"type":"catchbasin","network":"storm","assetType":"Catch Basin","label":"Storm Catch Basin","depth":0.0,"depthSource":"nominal-demo","sourceLayer":"Storm Points","id":"haverhill-storm-points-0173"},"geometry":{"type":"Point","coordinates":[-71.0831162,42.7762419]}},{"type":"Feature","id":"haverhill-storm-points-0174","properties":{"type":"catchbasin","network":"storm","assetType":"Catch Basin","label":"Storm Catch Basin","depth":0.0,"depthSource":"nominal-demo","sourceLayer":"Storm Points","id":"haverhill-storm-points-0174"},"geometry":{"type":"Point","coordinates":[-71.0835233,42.7762634]}},{"type":"Feature","id":"haverhill-storm-points-0175","properties":{"type":"catchbasin","network":"storm","assetType":"Catch Basin","label":"Storm Catch Basin","depth":0.0,"depthSource":"nominal-demo","sourceLayer":"Storm Points","id":"haverhill-storm-points-0175"},"geometry":{"type":"Point","coordinates":[-71.0835008,42.7765361]}},{"type":"Feature","id":"haverhill-water-main-0001","properties":{"type":"water","network":"water","assetType":"Lateral","label":"Water Lateral","depth":1.2,"depthSource":"nominal-demo","sourceLayer":"Water Main","id":"haverhill-water-main-0001"},"geometry":{"type":"LineString","coordinates":[[-71.0868019,42.775521],[-71.0867816,42.7755383]]}},{"type":"Feature","id":"haverhill-water-main-0002","properties":{"type":"water","network":"water","assetType":"Lateral","label":"Water Lateral","depth":1.2,"depthSource":"nominal-demo","sourceLayer":"Water Main","id":"haverhill-water-main-0002"},"geometry":{"type":"LineString","coordinates":[[-71.0842812,42.775038],[-71.084266,42.775035],[-71.0842213,42.7750247]]}},{"type":"Feature","id":"haverhill-water-main-0003","properties":{"type":"water","network":"water","assetType":"Lateral","label":"Water Lateral","depth":1.2,"depthSource":"nominal-demo","sourceLayer":"Water Main","id":"haverhill-water-main-0003"},"geometry":{"type":"LineString","coordinates":[[-71.0863823,42.7772588],[-71.0863784,42.777263],[-71.0863675,42.7772759]]}},{"type":"Feature","id":"haverhill-water-main-0004","properties":{"type":"water","network":"water","assetType":"Lateral","label":"Water Lateral","depth":1.2,"depthSource":"nominal-demo","sourceLayer":"Water Main","id":"haverhill-water-main-0004"},"geometry":{"type":"LineString","coordinates":[[-71.0854192,42.7766713],[-71.0853864,42.7766811],[-71.0853731,42.776685]]}},{"type":"Feature","id":"haverhill-water-main-0005","properties":{"type":"water","network":"water","assetType":"Lateral","label":"Water Lateral","depth":1.2,"depthSource":"nominal-demo","sourceLayer":"Water Main","id":"haverhill-water-main-0005"},"geometry":{"type":"LineString","coordinates":[[-71.0866027,42.7775377],[-71.0865812,42.7775396],[-71.0865688,42.7775407]]}},{"type":"Feature","id":"haverhill-water-main-0006","properties":{"type":"water","network":"water","assetType":"Lateral","label":"Water Lateral","depth":1.2,"depthSource":"nominal-demo","sourceLayer":"Water Main","id":"haverhill-water-main-0006"},"geometry":{"type":"LineString","coordinates":[[-71.0821376,42.776193],[-71.0821219,42.7761913],[-71.0820901,42.7761877]]}},{"type":"Feature","id":"haverhill-water-main-0007","properties":{"type":"water","network":"water","assetType":"Lateral","label":"Water Lateral","depth":1.2,"depthSource":"nominal-demo","sourceLayer":"Water Main","id":"haverhill-water-main-0007"},"geometry":{"type":"LineString","coordinates":[[-71.0840311,42.7761291],[-71.0839682,42.7761256],[-71.0839563,42.7761251]]}},{"type":"Feature","id":"haverhill-water-main-0008","properties":{"type":"water","network":"water","assetType":"Lateral","label":"Water Lateral","depth":1.2,"depthSource":"nominal-demo","sourceLayer":"Water Main","id":"haverhill-water-main-0008"},"geometry":{"type":"LineString","coordinates":[[-71.0850364,42.7761913],[-71.0849686,42.7761858],[-71.0849405,42.7761832]]}},{"type":"Feature","id":"haverhill-water-main-0009","properties":{"type":"water","network":"water","assetType":"Lateral","label":"Water Lateral","depth":1.2,"depthSource":"nominal-demo","sourceLayer":"Water Main","id":"haverhill-water-main-0009"},"geometry":{"type":"LineString","coordinates":[[-71.0840167,42.7769538],[-71.0840027,42.7769528],[-71.0839455,42.7769489]]}},{"type":"Feature","id":"haverhill-water-main-0010","properties":{"type":"water","network":"water","assetType":"Lateral","label":"Water Lateral","depth":1.2,"depthSource":"nominal-demo","sourceLayer":"Water Main","id":"haverhill-water-main-0010"},"geometry":{"type":"LineString","coordinates":[[-71.0852209,42.7749742],[-71.0851876,42.7749536],[-71.0851799,42.7749489]]}},{"type":"Feature","id":"haverhill-water-main-0011","properties":{"type":"water","network":"water","assetType":"Lateral","label":"Water Lateral","depth":1.2,"depthSource":"nominal-demo","sourceLayer":"Water Main","id":"haverhill-water-main-0011"},"geometry":{"type":"LineString","coordinates":[[-71.0831598,42.7753934],[-71.0831545,42.775409],[-71.0831501,42.7754219]]}},{"type":"Feature","id":"haverhill-water-main-0012","properties":{"type":"water","network":"water","assetType":"Lateral","label":"Water Lateral","depth":1.2,"depthSource":"nominal-demo","sourceLayer":"Water Main","id":"haverhill-water-main-0012"},"geometry":{"type":"LineString","coordinates":[[-71.082282,42.7753755],[-71.0822872,42.7753139],[-71.0822186,42.775311],[-71.0822015,42.7753108]]}},{"type":"Feature","id":"haverhill-water-main-0013","properties":{"type":"water","network":"water","assetType":"Lateral","label":"Water Lateral","depth":1.2,"depthSource":"nominal-demo","sourceLayer":"Water Main","id":"haverhill-water-main-0013"},"geometry":{"type":"LineString","coordinates":[[-71.0822997,42.7746018],[-71.0822885,42.7746018],[-71.0822546,42.7746016]]}},{"type":"Feature","id":"haverhill-water-main-0014","properties":{"type":"water","network":"water","assetType":"Lateral","label":"Water Lateral","depth":1.2,"depthSource":"nominal-demo","sourceLayer":"Water Main","id":"haverhill-water-main-0014"},"geometry":{"type":"LineString","coordinates":[[-71.0821789,42.7740272],[-71.0821607,42.7740271],[-71.0821267,42.774028]]}},{"type":"Feature","id":"haverhill-water-main-0015","properties":{"type":"water","network":"water","assetType":"Lateral","label":"Water Lateral","depth":1.2,"depthSource":"nominal-demo","sourceLayer":"Water Main","id":"haverhill-water-main-0015"},"geometry":{"type":"LineString","coordinates":[[-71.083747,42.7742694],[-71.0837204,42.7742953],[-71.0837143,42.7743012]]}},{"type":"Feature","id":"haverhill-water-main-0016","properties":{"type":"water","network":"water","assetType":"Lateral","label":"Water Lateral","depth":1.2,"depthSource":"nominal-demo","sourceLayer":"Water Main","id":"haverhill-water-main-0016"},"geometry":{"type":"LineString","coordinates":[[-71.0831019,42.7762248],[-71.0830939,42.7762243],[-71.0830376,42.7762204]]}},{"type":"Feature","id":"haverhill-water-main-0017","properties":{"type":"water","network":"water","assetType":"Main","label":"12\" Water Main","depth":1.2,"depthSource":"nominal-demo","sourceLayer":"Water Main","diameterIn":12.0,"material":"Cast Iron","id":"haverhill-water-main-0017"},"geometry":{"type":"LineString","coordinates":[[-71.0892236,42.7769742],[-71.0892067,42.7769547],[-71.0890885,42.7768388],[-71.0889213,42.7766715],[-71.0887233,42.7765421]]}},{"type":"Feature","id":"haverhill-water-main-0018","properties":{"type":"water","network":"water","assetType":"Main","label":"8\" Water Main","depth":1.2,"depthSource":"nominal-demo","sourceLayer":"Water Main","diameterIn":8.0,"material":"Cast Iron","id":"haverhill-water-main-0018"},"geometry":{"type":"LineString","coordinates":[[-71.0892671,42.7769577],[-71.0892236,42.7769742]]}},{"type":"Feature","id":"haverhill-water-main-0019","properties":{"type":"water","network":"water","assetType":"Main","label":"12\" Water Main","depth":1.2,"depthSource":"nominal-demo","sourceLayer":"Water Main","diameterIn":12.0,"id":"haverhill-water-main-0019"},"geometry":{"type":"LineString","coordinates":[[-71.0833931,42.7741103],[-71.0833481,42.7740895],[-71.0830498,42.7739386],[-71.0829991,42.773919],[-71.0829311,42.7738976],[-71.082882,42.7738825],[-71.0828268,42.7738676],[-71.0827637,42.7738559],[-71.0827136,42.773851],[-71.0827067,42.7738508],[-71.082649,42.773849],[-71.082599,42.7738515],[-71.0825861,42.7738527]]}},{"type":"Feature","id":"haverhill-water-main-0020","properties":{"type":"water","network":"water","assetType":"Main","label":"12\" Water Main","depth":1.2,"depthSource":"nominal-demo","sourceLayer":"Water Main","diameterIn":12.0,"material":"Cast Iron","id":"haverhill-water-main-0020"},"geometry":{"type":"LineString","coordinates":[[-71.0839469,42.7769357],[-71.0839455,42.7769489],[-71.0838672,42.7777407],[-71.0838612,42.7777941]]}},{"type":"Feature","id":"haverhill-water-main-0021","properties":{"type":"water","network":"water","assetType":"Main","label":"4\" Water Main","depth":1.2,"depthSource":"nominal-demo","sourceLayer":"Water Main","diameterIn":4.0,"id":"haverhill-water-main-0021"},"geometry":{"type":"LineString","coordinates":[[-71.0842731,42.7751649],[-71.0841777,42.7754272],[-71.0841022,42.7756943],[-71.0841015,42.7756979]]}},{"type":"Feature","id":"haverhill-water-main-0022","properties":{"type":"water","network":"water","assetType":"Main","label":"12\" Water Main","depth":1.2,"depthSource":"nominal-demo","sourceLayer":"Water Main","diameterIn":12.0,"material":"Cast Iron","id":"haverhill-water-main-0022"},"geometry":{"type":"LineString","coordinates":[[-71.0845272,42.7745826],[-71.0844703,42.774559]]}},{"type":"Feature","id":"haverhill-water-main-0023","properties":{"type":"water","network":"water","assetType":"Main","label":"12\" Water Main","depth":1.2,"depthSource":"nominal-demo","sourceLayer":"Water Main","diameterIn":12.0,"id":"haverhill-water-main-0023"},"geometry":{"type":"LineString","coordinates":[[-71.0844703,42.774559],[-71.0840292,42.7743764]]}},{"type":"Feature","id":"haverhill-water-main-0024","properties":{"type":"water","network":"water","assetType":"Main","label":"12\" Water Main","depth":1.2,"depthSource":"nominal-demo","sourceLayer":"Water Main","diameterIn":12.0,"id":"haverhill-water-main-0024"},"geometry":{"type":"LineString","coordinates":[[-71.0841015,42.7756979],[-71.0841013,42.7756994]]}},{"type":"Feature","id":"haverhill-water-main-0025","properties":{"type":"water","network":"water","assetType":"Main","label":"12\" Water Main","depth":1.2,"depthSource":"nominal-demo","sourceLayer":"Water Main","diameterIn":12.0,"id":"haverhill-water-main-0025"},"geometry":{"type":"LineString","coordinates":[[-71.0841013,42.7756994],[-71.0840747,42.7759159],[-71.0840375,42.7760679],[-71.0840311,42.7761291],[-71.0840245,42.7761926]]}},{"type":"Feature","id":"haverhill-water-main-0026","properties":{"type":"water","network":"water","assetType":"Main","label":"8\" Water Main","depth":1.2,"depthSource":"nominal-demo","sourceLayer":"Water Main","diameterIn":8.0,"material":"Cast Iron","id":"haverhill-water-main-0026"},"geometry":{"type":"LineString","coordinates":[[-71.0850389,42.7763056],[-71.0849474,42.7763001],[-71.084121,42.776252],[-71.0840189,42.776246]]}},{"type":"Feature","id":"haverhill-water-main-0027","properties":{"type":"water","network":"water","assetType":"Main","label":"12\" Water Main","depth":1.2,"depthSource":"nominal-demo","sourceLayer":"Water Main","diameterIn":12.0,"id":"haverhill-water-main-0027"},"geometry":{"type":"LineString","coordinates":[[-71.0840189,42.776246],[-71.0839469,42.7769357]]}},{"type":"Feature","id":"haverhill-water-main-0028","properties":{"type":"water","network":"water","assetType":"Main","label":"12\" Water Main","depth":1.2,"depthSource":"nominal-demo","sourceLayer":"Water Main","diameterIn":12.0,"id":"haverhill-water-main-0028"},"geometry":{"type":"LineString","coordinates":[[-71.0840245,42.7761926],[-71.0840189,42.776246]]}},{"type":"Feature","id":"haverhill-water-main-0029","properties":{"type":"water","network":"water","assetType":"Main","label":"10\" Water Main","depth":1.2,"depthSource":"nominal-demo","sourceLayer":"Water Main","diameterIn":10.0,"id":"haverhill-water-main-0029"},"geometry":{"type":"LineString","coordinates":[[-71.0840175,42.775675],[-71.0839746,42.7756625],[-71.0831501,42.7754219],[-71.082307,42.775176],[-71.0821486,42.7751181]]}},{"type":"Feature","id":"haverhill-water-main-0030","properties":{"type":"water","network":"water","assetType":"Main","label":"8\" Water Main","depth":1.2,"depthSource":"nominal-demo","sourceLayer":"Water Main","diameterIn":8.0,"id":"haverhill-water-main-0030"},"geometry":{"type":"LineString","coordinates":[[-71.0839991,42.7756617],[-71.0839964,42.7756609],[-71.083977,42.7756553],[-71.082264,42.7751512]]}},{"type":"Feature","id":"haverhill-water-main-0031","properties":{"type":"water","network":"water","assetType":"Main","label":"4\" Water Main","depth":1.2,"depthSource":"nominal-demo","sourceLayer":"Water Main","diameterIn":4.0,"id":"haverhill-water-main-0031"},"geometry":{"type":"LineString","coordinates":[[-71.0820279,42.7761824],[-71.0820231,42.7761822]]}},{"type":"Feature","id":"haverhill-water-main-0032","properties":{"type":"water","network":"water","assetType":"Main","label":"8\" Water Main","depth":1.2,"depthSource":"nominal-demo","sourceLayer":"Water Main","diameterIn":8.0,"material":"Ductile Iron","id":"haverhill-water-main-0032"},"geometry":{"type":"LineString","coordinates":[[-71.0820957,42.7761396],[-71.0820926,42.77614],[-71.0820285,42.7761363]]}},{"type":"Feature","id":"haverhill-water-main-0033","properties":{"type":"water","network":"water","assetType":"Main","label":"12\" Water Main","depth":1.2,"depthSource":"nominal-demo","sourceLayer":"Water Main","diameterIn":12.0,"material":"Cast Iron","id":"haverhill-water-main-0033"},"geometry":{"type":"LineString","coordinates":[[-71.0893825,42.7771585],[-71.0892236,42.7769742]]}},{"type":"Feature","id":"haverhill-water-main-0034","properties":{"type":"water","network":"water","assetType":"Main","label":"6\" Water Main","depth":1.2,"depthSource":"nominal-demo","sourceLayer":"Water Main","diameterIn":6.0,"id":"haverhill-water-main-0034"},"geometry":{"type":"LineString","coordinates":[[-71.0820279,42.7761824],[-71.0820131,42.7763082],[-71.0819989,42.7764765]]}},{"type":"Feature","id":"haverhill-water-main-0035","properties":{"type":"water","network":"water","assetType":"Main","label":"8\" Water Main","depth":1.2,"depthSource":"nominal-demo","sourceLayer":"Water Main","diameterIn":8.0,"material":"Cast Iron","id":"haverhill-water-main-0035"},"geometry":{"type":"LineString","coordinates":[[-71.0839469,42.7769357],[-71.0838568,42.7769313],[-71.0820872,42.7768446],[-71.081992,42.7768408]]}},{"type":"Feature","id":"haverhill-water-main-0036-1","properties":{"type":"water","network":"water","assetType":"Main","label":"12\" Water Main","depth":1.2,"depthSource":"nominal-demo","sourceLayer":"Water Main","diameterIn":12.0,"id":"haverhill-water-main-0036-1"},"geometry":{"type":"LineString","coordinates":[[-71.0820957,42.7761396],[-71.0820901,42.7761877],[-71.08209,42.7761885],[-71.0819876,42.7770725]]}},{"type":"Feature","id":"haverhill-water-main-0036-2","properties":{"type":"water","network":"water","assetType":"Main","label":"12\" Water Main","depth":1.2,"depthSource":"nominal-demo","sourceLayer":"Water Main","diameterIn":12.0,"id":"haverhill-water-main-0036-2"},"geometry":{"type":"LineString","coordinates":[[-71.0819741,42.7771883],[-71.0819586,42.7773227],[-71.0818636,42.7775815],[-71.0818627,42.7775856]]}},{"type":"Feature","id":"haverhill-water-main-0037-1","properties":{"type":"water","network":"water","assetType":"Main","label":"6\" Water Main","depth":1.2,"depthSource":"nominal-demo","sourceLayer":"Water Main","diameterIn":6.0,"id":"haverhill-water-main-0037-1"},"geometry":{"type":"LineString","coordinates":[[-71.0821403,42.7751843],[-71.0821238,42.7753178]]}},{"type":"Feature","id":"haverhill-water-main-0037-2","properties":{"type":"water","network":"water","assetType":"Main","label":"6\" Water Main","depth":1.2,"depthSource":"nominal-demo","sourceLayer":"Water Main","diameterIn":6.0,"id":"haverhill-water-main-0037-2"},"geometry":{"type":"LineString","coordinates":[[-71.0820987,42.7755335],[-71.0820866,42.7756499],[-71.082059,42.7759171],[-71.0820509,42.7759889],[-71.0820394,42.7760855]]}},{"type":"Feature","id":"haverhill-water-main-0038","properties":{"type":"water","network":"water","assetType":"Main","label":"10\" Water Main","depth":1.2,"depthSource":"nominal-demo","sourceLayer":"Water Main","diameterIn":10.0,"id":"haverhill-water-main-0038"},"geometry":{"type":"LineString","coordinates":[[-71.0821403,42.7751843],[-71.08215,42.7751066],[-71.0821631,42.7748982],[-71.0821728,42.7747427],[-71.082168,42.7746845]]}},{"type":"Feature","id":"haverhill-water-main-0039","properties":{"type":"water","network":"water","assetType":"Main","label":"12\" Water Main","depth":1.2,"depthSource":"nominal-demo","sourceLayer":"Water Main","diameterIn":12.0,"material":"Cast Iron","id":"haverhill-water-main-0039"},"geometry":{"type":"LineString","coordinates":[[-71.0821403,42.7751843],[-71.0821393,42.7751843]]}},{"type":"Feature","id":"haverhill-water-main-0040","properties":{"type":"water","network":"water","assetType":"Main","label":"12\" Water Main","depth":1.2,"depthSource":"nominal-demo","sourceLayer":"Water Main","diameterIn":12.0,"material":"Cast Iron","id":"haverhill-water-main-0040"},"geometry":{"type":"LineString","coordinates":[[-71.0818581,42.7776077],[-71.0818263,42.7776043]]}},{"type":"Feature","id":"haverhill-water-main-0041","properties":{"type":"water","network":"water","assetType":"Main","label":"8\" Water Main","depth":1.2,"depthSource":"nominal-demo","sourceLayer":"Water Main","diameterIn":8.0,"material":"Cast Iron","id":"haverhill-water-main-0041"},"geometry":{"type":"LineString","coordinates":[[-71.0826744,42.777732],[-71.0826735,42.7777234],[-71.0826721,42.7777091]]}},{"type":"Feature","id":"haverhill-water-main-0042","properties":{"type":"water","network":"water","assetType":"Main","label":"10\" Water Main","depth":1.2,"depthSource":"nominal-demo","sourceLayer":"Water Main","diameterIn":10.0,"id":"haverhill-water-main-0042"},"geometry":{"type":"LineString","coordinates":[[-71.0838169,42.777791],[-71.0835078,42.7777689]]}},{"type":"Feature","id":"haverhill-water-main-0043","properties":{"type":"water","network":"water","assetType":"Main","label":"6\" Water Main","depth":1.2,"depthSource":"nominal-demo","sourceLayer":"Water Main","diameterIn":6.0,"material":"Cast Iron","id":"haverhill-water-main-0043"},"geometry":{"type":"LineString","coordinates":[[-71.0835099,42.7777847],[-71.0835078,42.7777689]]}},{"type":"Feature","id":"haverhill-water-main-0044","properties":{"type":"water","network":"water","assetType":"Main","label":"16\" Water Main","depth":1.2,"depthSource":"nominal-demo","sourceLayer":"Water Main","diameterIn":16.0,"material":"Cast Iron","id":"haverhill-water-main-0044"},"geometry":{"type":"LineString","coordinates":[[-71.0844936,42.7778147],[-71.0839604,42.7777997],[-71.0838612,42.7777941]]}},{"type":"Feature","id":"haverhill-water-main-0045","properties":{"type":"water","network":"water","assetType":"Main","label":"6\" Water Main","depth":1.2,"depthSource":"nominal-demo","sourceLayer":"Water Main","diameterIn":6.0,"material":"Cast Iron","id":"haverhill-water-main-0045"},"geometry":{"type":"LineString","coordinates":[[-71.0851627,42.7777903],[-71.0851599,42.777774]]}},{"type":"Feature","id":"haverhill-water-main-0046","properties":{"type":"water","network":"water","assetType":"Main","label":"16\" Water Main","depth":1.2,"depthSource":"nominal-demo","sourceLayer":"Water Main","diameterIn":16.0,"material":"Cast Iron","id":"haverhill-water-main-0046"},"geometry":{"type":"LineString","coordinates":[[-71.0851093,42.7777784],[-71.0847508,42.7778099]]}},{"type":"Feature","id":"haverhill-water-main-0047","properties":{"type":"water","network":"water","assetType":"Main","label":"16\" Water Main","depth":1.2,"depthSource":"nominal-demo","sourceLayer":"Water Main","diameterIn":16.0,"material":"Cast Iron","id":"haverhill-water-main-0047"},"geometry":{"type":"LineString","coordinates":[[-71.0851599,42.777774],[-71.0851093,42.7777784]]}},{"type":"Feature","id":"haverhill-water-main-0048","properties":{"type":"water","network":"water","assetType":"Main","label":"6\" Water Main","depth":1.2,"depthSource":"nominal-demo","sourceLayer":"Water Main","diameterIn":6.0,"material":"Cast Iron","id":"haverhill-water-main-0048"},"geometry":{"type":"LineString","coordinates":[[-71.0852425,42.7748363],[-71.0852054,42.77488],[-71.0850032,42.7751616],[-71.0850251,42.7755121],[-71.0850364,42.7761913],[-71.0850372,42.7763009],[-71.0850389,42.7763056],[-71.0850578,42.7763595],[-71.0850698,42.7763905]]}},{"type":"Feature","id":"haverhill-water-main-0049","properties":{"type":"water","network":"water","assetType":"Main","label":"12\" Water Main","depth":1.2,"depthSource":"nominal-demo","sourceLayer":"Water Main","diameterIn":12.0,"id":"haverhill-water-main-0049"},"geometry":{"type":"LineString","coordinates":[[-71.0887233,42.7765421],[-71.0884884,42.7764062],[-71.0879831,42.7761449],[-71.0877796,42.7760389],[-71.0871856,42.7757259],[-71.087069,42.7756627],[-71.0868666,42.775553],[-71.0868019,42.775521],[-71.0865696,42.775406],[-71.0861339,42.7752143],[-71.0852367,42.7748642]]}},{"type":"Feature","id":"haverhill-water-main-0050","properties":{"type":"water","network":"water","assetType":"Main","label":"12\" Water Main","depth":1.2,"depthSource":"nominal-demo","sourceLayer":"Water Main","diameterIn":12.0,"material":"Cast Iron","id":"haverhill-water-main-0050"},"geometry":{"type":"LineString","coordinates":[[-71.0865713,42.7776494],[-71.0865584,42.7775538],[-71.0865079,42.7772674],[-71.0864587,42.7772267],[-71.0862957,42.7771773],[-71.0859166,42.7770628],[-71.085859,42.7770428],[-71.0857957,42.7770209],[-71.0857493,42.7770047]]}},{"type":"Feature","id":"haverhill-water-main-0051","properties":{"type":"water","network":"water","assetType":"Main","label":"12\" Water Main","depth":1.2,"depthSource":"nominal-demo","sourceLayer":"Water Main","diameterIn":12.0,"material":"Cast Iron","id":"haverhill-water-main-0051"},"geometry":{"type":"LineString","coordinates":[[-71.0851093,42.7777784],[-71.0851007,42.7776737],[-71.0850293,42.7766879],[-71.0850166,42.7764814],[-71.0850698,42.7763905]]}},{"type":"Feature","id":"haverhill-water-main-0052","properties":{"type":"water","network":"water","assetType":"Main","label":"16\" Water Main","depth":1.2,"depthSource":"nominal-demo","sourceLayer":"Water Main","diameterIn":16.0,"material":"Cast Iron","id":"haverhill-water-main-0052"},"geometry":{"type":"LineString","coordinates":[[-71.0859873,42.7776891],[-71.0852039,42.7777701],[-71.0851599,42.777774]]}},{"type":"Feature","id":"haverhill-water-main-0053","properties":{"type":"water","network":"water","assetType":"Main","label":"16\" Water Main","depth":1.2,"depthSource":"nominal-demo","sourceLayer":"Water Main","diameterIn":16.0,"material":"Cast Iron","id":"haverhill-water-main-0053"},"geometry":{"type":"LineString","coordinates":[[-71.0875844,42.7775104],[-71.0873839,42.7775356],[-71.0868912,42.7775879],[-71.0868774,42.7775891],[-71.0868467,42.7775918],[-71.0866092,42.7776248],[-71.0865808,42.7776277]]}},{"type":"Feature","id":"haverhill-water-main-0054","properties":{"type":"water","network":"water","assetType":"Main","label":"6\" Water Main","depth":1.2,"depthSource":"nominal-demo","sourceLayer":"Water Main","diameterIn":6.0,"material":"Cast Iron","id":"haverhill-water-main-0054"},"geometry":{"type":"LineString","coordinates":[[-71.085994,42.7777203],[-71.0859873,42.7776891]]}},{"type":"Feature","id":"haverhill-water-main-0055","properties":{"type":"water","network":"water","assetType":"Main","label":"12\" Water Main","depth":1.2,"depthSource":"nominal-demo","sourceLayer":"Water Main","diameterIn":12.0,"id":"haverhill-water-main-0055"},"geometry":{"type":"LineString","coordinates":[[-71.0893927,42.7773368],[-71.0889621,42.7773959]]}},{"type":"Feature","id":"haverhill-water-main-0056","properties":{"type":"water","network":"water","assetType":"Main","label":"16\" Water Main","depth":1.2,"depthSource":"nominal-demo","sourceLayer":"Water Main","diameterIn":16.0,"material":"Cast Iron","id":"haverhill-water-main-0056"},"geometry":{"type":"LineString","coordinates":[[-71.0881533,42.7774434],[-71.0879819,42.7774605],[-71.0878079,42.7774824]]}},{"type":"Feature","id":"haverhill-water-main-0057","properties":{"type":"water","network":"water","assetType":"Main","label":"8\" Water Main","depth":1.2,"depthSource":"nominal-demo","sourceLayer":"Water Main","diameterIn":8.0,"material":"Cast Iron","id":"haverhill-water-main-0057"},"geometry":{"type":"LineString","coordinates":[[-71.0829784,42.7737863],[-71.0828769,42.7736633]]}},{"type":"Feature","id":"haverhill-water-main-0058","properties":{"type":"water","network":"water","assetType":"Main","label":"8\" Water Main","depth":1.2,"depthSource":"nominal-demo","sourceLayer":"Water Main","diameterIn":8.0,"id":"haverhill-water-main-0058"},"geometry":{"type":"LineString","coordinates":[[-71.0828769,42.7736633],[-71.0828671,42.7736513]]}},{"type":"Feature","id":"haverhill-water-main-0059","properties":{"type":"water","network":"water","assetType":"Main","label":"16\" Water Main","depth":1.2,"depthSource":"nominal-demo","sourceLayer":"Water Main","diameterIn":16.0,"id":"haverhill-water-main-0059"},"geometry":{"type":"LineString","coordinates":[[-71.0825387,42.7738572],[-71.0820995,42.773899]]}},{"type":"Feature","id":"haverhill-water-main-0060","properties":{"type":"water","network":"water","assetType":"Main","label":"12\" Water Main","depth":1.2,"depthSource":"nominal-demo","sourceLayer":"Water Main","diameterIn":12.0,"id":"haverhill-water-main-0060"},"geometry":{"type":"LineString","coordinates":[[-71.0827482,42.7737286],[-71.0825625,42.7738228],[-71.0825518,42.7738283],[-71.0825393,42.7738418],[-71.0825387,42.7738572]]}},{"type":"Feature","id":"haverhill-water-main-0061","properties":{"type":"water","network":"water","assetType":"Main","label":"6\" Water Main","depth":1.2,"depthSource":"nominal-demo","sourceLayer":"Water Main","diameterIn":6.0,"id":"haverhill-water-main-0061"},"geometry":{"type":"LineString","coordinates":[[-71.0855633,42.7769986],[-71.0854924,42.776922],[-71.0853336,42.7767309],[-71.0852437,42.7766293],[-71.0850811,42.776406],[-71.0850698,42.7763905]]}},{"type":"Feature","id":"haverhill-water-main-0062","properties":{"type":"water","network":"water","assetType":"Main","label":"6\" Water Main","depth":1.2,"depthSource":"nominal-demo","sourceLayer":"Water Main","diameterIn":6.0,"id":"haverhill-water-main-0062"},"geometry":{"type":"LineString","coordinates":[[-71.0858038,42.7770907],[-71.0857097,42.7770633],[-71.0855742,42.7770104],[-71.0855633,42.7769986]]}},{"type":"Feature","id":"haverhill-water-main-0063","properties":{"type":"water","network":"water","assetType":"Main","label":"4\" Water Main","depth":1.2,"depthSource":"nominal-demo","sourceLayer":"Water Main","diameterIn":4.0,"id":"haverhill-water-main-0063"},"geometry":{"type":"LineString","coordinates":[[-71.0857957,42.7769019],[-71.0856452,42.7769645],[-71.0855633,42.7769986]]}},{"type":"Feature","id":"haverhill-water-main-0064","properties":{"type":"water","network":"water","assetType":"Main","label":"6\" Water Main","depth":1.2,"depthSource":"nominal-demo","sourceLayer":"Water Main","diameterIn":6.0,"id":"haverhill-water-main-0064"},"geometry":{"type":"LineString","coordinates":[[-71.0863922,42.7772617],[-71.0863823,42.7772588],[-71.0858038,42.7770907]]}},{"type":"Feature","id":"haverhill-water-main-0065","properties":{"type":"water","network":"water","assetType":"Main","label":"4\" Water Main","depth":1.2,"depthSource":"nominal-demo","sourceLayer":"Water Main","diameterIn":4.0,"id":"haverhill-water-main-0065"},"geometry":{"type":"LineString","coordinates":[[-71.0864791,42.7770801],[-71.0863922,42.7772617]]}},{"type":"Feature","id":"haverhill-water-main-0066","properties":{"type":"water","network":"water","assetType":"Main","label":"2\" Water Main","depth":1.2,"depthSource":"nominal-demo","sourceLayer":"Water Main","diameterIn":2.0,"id":"haverhill-water-main-0066"},"geometry":{"type":"LineString","coordinates":[[-71.0865542,42.7774659],[-71.0862569,42.7774072]]}},{"type":"Feature","id":"haverhill-water-main-0067","properties":{"type":"water","network":"water","assetType":"Main","label":"6\" Water Main","depth":1.2,"depthSource":"nominal-demo","sourceLayer":"Water Main","diameterIn":6.0,"id":"haverhill-water-main-0067"},"geometry":{"type":"LineString","coordinates":[[-71.0865542,42.7774659],[-71.0865214,42.7772973],[-71.0864015,42.7772644],[-71.0863922,42.7772617]]}},{"type":"Feature","id":"haverhill-water-main-0068","properties":{"type":"water","network":"water","assetType":"Main","label":"6\" Water Main","depth":1.2,"depthSource":"nominal-demo","sourceLayer":"Water Main","diameterIn":6.0,"id":"haverhill-water-main-0068"},"geometry":{"type":"LineString","coordinates":[[-71.0865808,42.7776277],[-71.0865798,42.7776188],[-71.0865688,42.7775407],[-71.0865542,42.7774659]]}},{"type":"Feature","id":"haverhill-water-main-0069","properties":{"type":"water","network":"water","assetType":"Main","label":"8\" Water Main","depth":1.2,"depthSource":"nominal-demo","sourceLayer":"Water Main","diameterIn":8.0,"id":"haverhill-water-main-0069"},"geometry":{"type":"LineString","coordinates":[[-71.0845457,42.7745722],[-71.0845272,42.7745826]]}},{"type":"Feature","id":"haverhill-water-main-0070","properties":{"type":"water","network":"water","assetType":"Main","label":"8\" Water Main","depth":1.2,"depthSource":"nominal-demo","sourceLayer":"Water Main","diameterIn":8.0,"id":"haverhill-water-main-0070"},"geometry":{"type":"LineString","coordinates":[[-71.0844703,42.774559],[-71.0844318,42.7746159],[-71.0843702,42.7747069]]}},{"type":"Feature","id":"haverhill-water-main-0071","properties":{"type":"water","network":"water","assetType":"Main","label":"8\" Water Main","depth":1.2,"depthSource":"nominal-demo","sourceLayer":"Water Main","diameterIn":8.0,"material":"Cast Iron","id":"haverhill-water-main-0071"},"geometry":{"type":"LineString","coordinates":[[-71.0842195,42.7751865],[-71.0841034,42.7754657]]}},{"type":"Feature","id":"haverhill-water-main-0072","properties":{"type":"water","network":"water","assetType":"Main","label":"16\" Water Main","depth":1.2,"depthSource":"nominal-demo","sourceLayer":"Water Main","diameterIn":16.0,"id":"haverhill-water-main-0072"},"geometry":{"type":"LineString","coordinates":[[-71.0894067,42.7772005],[-71.0890874,42.7772959],[-71.0881785,42.7774084],[-71.0881462,42.7774124],[-71.0881533,42.7774434]]}},{"type":"Feature","id":"haverhill-water-main-0073","properties":{"type":"water","network":"water","assetType":"Main","label":"10\" Water Main","depth":1.2,"depthSource":"nominal-demo","sourceLayer":"Water Main","diameterIn":10.0,"id":"haverhill-water-main-0073"},"geometry":{"type":"LineString","coordinates":[[-71.0841013,42.7756994],[-71.0840175,42.775675]]}},{"type":"Feature","id":"haverhill-water-main-0074","properties":{"type":"water","network":"water","assetType":"Main","label":"8\" Water Main","depth":1.2,"depthSource":"nominal-demo","sourceLayer":"Water Main","diameterIn":8.0,"id":"haverhill-water-main-0074"},"geometry":{"type":"LineString","coordinates":[[-71.0842315,42.7751578],[-71.084216,42.7751542],[-71.0841813,42.775146]]}},{"type":"Feature","id":"haverhill-water-main-0075","properties":{"type":"water","network":"water","assetType":"Main","label":"4\" Water Main","depth":1.2,"depthSource":"nominal-demo","sourceLayer":"Water Main","diameterIn":4.0,"id":"haverhill-water-main-0075"},"geometry":{"type":"LineString","coordinates":[[-71.0842195,42.7751865],[-71.0842046,42.7751832],[-71.0841701,42.7751756]]}},{"type":"Feature","id":"haverhill-water-main-0076","properties":{"type":"water","network":"water","assetType":"Main","label":"8\" Water Main","depth":1.2,"depthSource":"nominal-demo","sourceLayer":"Water Main","diameterIn":8.0,"id":"haverhill-water-main-0076"},"geometry":{"type":"LineString","coordinates":[[-71.0840999,42.7754743],[-71.0840922,42.7754728],[-71.0835347,42.7753452]]}},{"type":"Feature","id":"haverhill-water-main-0077","properties":{"type":"water","network":"water","assetType":"Main","label":"6\" Water Main","depth":1.2,"depthSource":"nominal-demo","sourceLayer":"Water Main","diameterIn":6.0,"id":"haverhill-water-main-0077"},"geometry":{"type":"LineString","coordinates":[[-71.0841034,42.7754657],[-71.0840974,42.7754641],[-71.0835414,42.7753329]]}},{"type":"Feature","id":"haverhill-water-main-0078","properties":{"type":"water","network":"water","assetType":"Main","label":"12\" Water Main","depth":1.2,"depthSource":"nominal-demo","sourceLayer":"Water Main","diameterIn":12.0,"id":"haverhill-water-main-0078"},"geometry":{"type":"LineString","coordinates":[[-71.0827482,42.7737286],[-71.0827283,42.7736884],[-71.082056,42.7738525],[-71.0820595,42.7739028]]}},{"type":"Feature","id":"haverhill-water-main-0079","properties":{"type":"water","network":"water","assetType":"Main","label":"10\" Water Main","depth":1.2,"depthSource":"nominal-demo","sourceLayer":"Water Main","diameterIn":10.0,"id":"haverhill-water-main-0079"},"geometry":{"type":"LineString","coordinates":[[-71.0821486,42.7751181],[-71.0821403,42.7751843]]}},{"type":"Feature","id":"haverhill-water-main-0080","properties":{"type":"water","network":"water","assetType":"Main","label":"6\" Water Main","depth":1.2,"depthSource":"nominal-demo","sourceLayer":"Water Main","diameterIn":6.0,"id":"haverhill-water-main-0080"},"geometry":{"type":"LineString","coordinates":[[-71.0858947,42.7769031],[-71.0858676,42.7769592],[-71.0858038,42.7770907]]}},{"type":"Feature","id":"haverhill-water-main-0081","properties":{"type":"water","network":"water","assetType":"Main","label":"16\" Water Main","depth":1.2,"depthSource":"nominal-demo","sourceLayer":"Water Main","diameterIn":16.0,"material":"Cast Iron","id":"haverhill-water-main-0081"},"geometry":{"type":"LineString","coordinates":[[-71.088236,42.7774412],[-71.0882304,42.7774357],[-71.0881533,42.7774434]]}},{"type":"Feature","id":"haverhill-water-main-0082","properties":{"type":"water","network":"water","assetType":"Main","label":"16\" Water Main","depth":1.2,"depthSource":"nominal-demo","sourceLayer":"Water Main","diameterIn":16.0,"material":"Cast Iron","id":"haverhill-water-main-0082"},"geometry":{"type":"LineString","coordinates":[[-71.0865808,42.7776277],[-71.0859873,42.7776891]]}},{"type":"Feature","id":"haverhill-water-main-0083","properties":{"type":"water","network":"water","assetType":"Main","label":"16\" Water Main","depth":1.2,"depthSource":"nominal-demo","sourceLayer":"Water Main","diameterIn":16.0,"material":"Cast Iron","id":"haverhill-water-main-0083"},"geometry":{"type":"LineString","coordinates":[[-71.0838612,42.7777941],[-71.0838169,42.777791]]}},{"type":"Feature","id":"haverhill-water-main-0084","properties":{"type":"water","network":"water","assetType":"Main","label":"12\" Water Main","depth":1.2,"depthSource":"nominal-demo","sourceLayer":"Water Main","diameterIn":12.0,"material":"Cast Iron","id":"haverhill-water-main-0084"},"geometry":{"type":"LineString","coordinates":[[-71.0818581,42.7776077],[-71.0818423,42.7776613]]}},{"type":"Feature","id":"haverhill-water-main-0085","properties":{"type":"water","network":"water","assetType":"Main","label":"16\" Water Main","depth":1.2,"depthSource":"nominal-demo","sourceLayer":"Water Main","diameterIn":16.0,"id":"haverhill-water-main-0085"},"geometry":{"type":"LineString","coordinates":[[-71.0880012,42.7761191],[-71.0880011,42.776119]]}},{"type":"Feature","id":"haverhill-water-main-0086","properties":{"type":"water","network":"water","assetType":"Main","label":"12\" Water Main","depth":1.2,"depthSource":"nominal-demo","sourceLayer":"Water Main","diameterIn":12.0,"id":"haverhill-water-main-0086"},"geometry":{"type":"LineString","coordinates":[[-71.0887413,42.7765245],[-71.0887233,42.7765421]]}},{"type":"Feature","id":"haverhill-water-main-0087","properties":{"type":"water","network":"water","assetType":"Main","label":"12\" Water Main","depth":1.2,"depthSource":"nominal-demo","sourceLayer":"Water Main","diameterIn":12.0,"material":"Cast Iron","id":"haverhill-water-main-0087"},"geometry":{"type":"LineString","coordinates":[[-71.0852367,42.7748642],[-71.0851161,42.7748191],[-71.0846871,42.7746489],[-71.0845272,42.7745826]]}},{"type":"Feature","id":"haverhill-water-main-0088","properties":{"type":"water","network":"water","assetType":"Main","label":"12\" Water Main","depth":1.2,"depthSource":"nominal-demo","sourceLayer":"Water Main","diameterIn":12.0,"id":"haverhill-water-main-0088"},"geometry":{"type":"LineString","coordinates":[[-71.082881,42.7736612],[-71.0828769,42.7736633]]}},{"type":"Feature","id":"haverhill-water-main-0089","properties":{"type":"water","network":"water","assetType":"Main","label":"16\" Water Main","depth":1.2,"depthSource":"nominal-demo","sourceLayer":"Water Main","diameterIn":16.0,"id":"haverhill-water-main-0089"},"geometry":{"type":"LineString","coordinates":[[-71.0820595,42.7739028],[-71.0820292,42.7738993]]}},{"type":"Feature","id":"haverhill-water-main-0090","properties":{"type":"water","network":"water","assetType":"Main","label":"16\" Water Main","depth":1.2,"depthSource":"nominal-demo","sourceLayer":"Water Main","diameterIn":16.0,"id":"haverhill-water-main-0090"},"geometry":{"type":"LineString","coordinates":[[-71.0820995,42.773899],[-71.0820595,42.7739028]]}},{"type":"Feature","id":"haverhill-water-main-0091","properties":{"type":"water","network":"water","assetType":"Main","label":"12\" Water Main","depth":1.2,"depthSource":"nominal-demo","sourceLayer":"Water Main","diameterIn":12.0,"id":"haverhill-water-main-0091"},"geometry":{"type":"LineString","coordinates":[[-71.0828769,42.7736633],[-71.0827482,42.7737286]]}},{"type":"Feature","id":"haverhill-water-main-0092","properties":{"type":"water","network":"water","assetType":"Main","label":"10\" Water Main","depth":1.2,"depthSource":"nominal-demo","sourceLayer":"Water Main","diameterIn":10.0,"material":"Cast Iron","id":"haverhill-water-main-0092"},"geometry":{"type":"LineString","coordinates":[[-71.0852367,42.7748642],[-71.0852224,42.7748857],[-71.0851799,42.7749489],[-71.0850289,42.7751741],[-71.0850492,42.7760591],[-71.0850444,42.7762072],[-71.0850449,42.776296]]}},{"type":"Feature","id":"haverhill-water-main-0093","properties":{"type":"water","network":"water","assetType":"Main","label":"8\" Water Main","depth":1.2,"depthSource":"nominal-demo","sourceLayer":"Water Main","diameterIn":8.0,"material":"Cast Iron","id":"haverhill-water-main-0093"},"geometry":{"type":"LineString","coordinates":[[-71.0843348,42.7748951],[-71.0843092,42.774971],[-71.0842812,42.775038],[-71.0842315,42.7751578]]}},{"type":"Feature","id":"haverhill-water-main-0094","properties":{"type":"water","network":"water","assetType":"Main","label":"8\" Water Main","depth":1.2,"depthSource":"nominal-demo","sourceLayer":"Water Main","diameterIn":8.0,"material":"Cast Iron","id":"haverhill-water-main-0094"},"geometry":{"type":"LineString","coordinates":[[-71.0842315,42.7751578],[-71.0842195,42.7751865]]}},{"type":"Feature","id":"haverhill-water-main-0095","properties":{"type":"water","network":"water","assetType":"Main","label":"8\" Water Main","depth":1.2,"depthSource":"nominal-demo","sourceLayer":"Water Main","diameterIn":8.0,"material":"Cast Iron","id":"haverhill-water-main-0095"},"geometry":{"type":"LineString","coordinates":[[-71.0840999,42.7754743],[-71.0840193,42.7756711],[-71.0840175,42.775675]]}},{"type":"Feature","id":"haverhill-water-main-0096","properties":{"type":"water","network":"water","assetType":"Main","label":"8\" Water Main","depth":1.2,"depthSource":"nominal-demo","sourceLayer":"Water Main","diameterIn":8.0,"material":"Cast Iron","id":"haverhill-water-main-0096"},"geometry":{"type":"LineString","coordinates":[[-71.0841034,42.7754657],[-71.0840999,42.7754743]]}},{"type":"Feature","id":"haverhill-water-main-0097","properties":{"type":"water","network":"water","assetType":"Main","label":"12\" Water Main","depth":1.2,"depthSource":"nominal-demo","sourceLayer":"Water Main","diameterIn":12.0,"id":"haverhill-water-main-0097"},"geometry":{"type":"LineString","coordinates":[[-71.082219,42.7751836],[-71.0822292,42.7751102],[-71.0822349,42.775022],[-71.0822501,42.7747887],[-71.0822546,42.7746016],[-71.0822555,42.774562],[-71.0821672,42.7742206],[-71.0821267,42.774028],[-71.0821045,42.773923],[-71.0820995,42.773899]]}},{"type":"Feature","id":"haverhill-water-main-0098","properties":{"type":"water","network":"water","assetType":"Main","label":"10\" Water Main","depth":1.2,"depthSource":"nominal-demo","sourceLayer":"Water Main","diameterIn":10.0,"id":"haverhill-water-main-0098"},"geometry":{"type":"LineString","coordinates":[[-71.0835078,42.7777689],[-71.0826721,42.7777091]]}},{"type":"Feature","id":"haverhill-water-main-0099","properties":{"type":"water","network":"water","assetType":"Main","label":"12\" Water Main","depth":1.2,"depthSource":"nominal-demo","sourceLayer":"Water Main","diameterIn":12.0,"id":"haverhill-water-main-0099"},"geometry":{"type":"LineString","coordinates":[[-71.0818812,42.7776443],[-71.0818141,42.7776385]]}},{"type":"Feature","id":"haverhill-water-main-0100","properties":{"type":"water","network":"water","assetType":"Main","label":"10\" Water Main","depth":1.2,"depthSource":"nominal-demo","sourceLayer":"Water Main","diameterIn":10.0,"id":"haverhill-water-main-0100"},"geometry":{"type":"LineString","coordinates":[[-71.0826721,42.7777091],[-71.0818929,42.7776534],[-71.0818812,42.7776443]]}},{"type":"Feature","id":"haverhill-water-main-0101","properties":{"type":"water","network":"water","assetType":"Main","label":"12\" Water Main","depth":1.2,"depthSource":"nominal-demo","sourceLayer":"Water Main","diameterIn":12.0,"material":"Cast Iron","id":"haverhill-water-main-0101"},"geometry":{"type":"LineString","coordinates":[[-71.082219,42.7751836],[-71.0822015,42.7753108],[-71.0821807,42.7754615],[-71.0821721,42.7755235],[-71.0821081,42.7760325],[-71.0820957,42.7761396]]}},{"type":"Feature","id":"haverhill-water-main-0102","properties":{"type":"water","network":"water","assetType":"Main","label":"16\" Water Main","depth":1.2,"depthSource":"nominal-demo","sourceLayer":"Water Main","diameterIn":16.0,"id":"haverhill-water-main-0102"},"geometry":{"type":"LineString","coordinates":[[-71.0825861,42.7738527],[-71.0825387,42.7738572]]}},{"type":"Feature","id":"haverhill-water-main-0103","properties":{"type":"water","network":"water","assetType":"Main","label":"6\" Water Main","depth":1.2,"depthSource":"nominal-demo","sourceLayer":"Water Main","diameterIn":6.0,"id":"haverhill-water-main-0103"},"geometry":{"type":"LineString","coordinates":[[-71.0820394,42.7760855],[-71.0820279,42.7761824]]}},{"type":"Feature","id":"haverhill-water-main-0104","properties":{"type":"water","network":"water","assetType":"Main","label":"4\" Water Main","depth":1.2,"depthSource":"nominal-demo","sourceLayer":"Water Main","diameterIn":4.0,"id":"haverhill-water-main-0104"},"geometry":{"type":"LineString","coordinates":[[-71.0845368,42.7745865],[-71.0845029,42.7746603],[-71.0844079,42.7748668]]}},{"type":"Feature","id":"haverhill-water-main-0105","properties":{"type":"water","network":"water","assetType":"Main","label":"8\" Water Main","depth":1.2,"depthSource":"nominal-demo","sourceLayer":"Water Main","diameterIn":8.0,"material":"Ductile Iron","id":"haverhill-water-main-0105"},"geometry":{"type":"LineString","coordinates":[[-71.0835023,42.7761648],[-71.0835018,42.776168],[-71.0834634,42.7765489],[-71.0830814,42.776529],[-71.0831019,42.7762248],[-71.0831072,42.7761454],[-71.0831074,42.7761434]]}},{"type":"Feature","id":"haverhill-water-main-0106","properties":{"type":"water","network":"water","assetType":"Main","label":"8\" Water Main","depth":1.2,"depthSource":"nominal-demo","sourceLayer":"Water Main","diameterIn":8.0,"material":"Cast Iron","id":"haverhill-water-main-0106"},"geometry":{"type":"LineString","coordinates":[[-71.0840245,42.7761926],[-71.0839306,42.776188],[-71.0835023,42.7761648]]}},{"type":"Feature","id":"haverhill-water-main-0107","properties":{"type":"water","network":"water","assetType":"Main","label":"8\" Water Main","depth":1.2,"depthSource":"nominal-demo","sourceLayer":"Water Main","diameterIn":8.0,"id":"haverhill-water-main-0107"},"geometry":{"type":"LineString","coordinates":[[-71.0835023,42.7761648],[-71.0833771,42.776158],[-71.0831712,42.7761472],[-71.0831074,42.7761434]]}},{"type":"Feature","id":"haverhill-water-main-0108","properties":{"type":"water","network":"water","assetType":"Main","label":"10\" Water Main","depth":1.2,"depthSource":"nominal-demo","sourceLayer":"Water Main","diameterIn":10.0,"material":"Cast Iron","id":"haverhill-water-main-0108"},"geometry":{"type":"LineString","coordinates":[[-71.0857493,42.7770047],[-71.085651,42.7769706],[-71.085635,42.7769637],[-71.0856099,42.7769498],[-71.0855768,42.7769288],[-71.0855411,42.7768924],[-71.0853731,42.776685],[-71.0853486,42.7766547],[-71.0852334,42.7765222],[-71.0852285,42.7765163],[-71.0852083,42.7764921],[-71.0850449,42.776296]]}},{"type":"Feature","id":"haverhill-water-main-0109","properties":{"type":"water","network":"water","assetType":"Main","label":"8\" Water Main","depth":1.2,"depthSource":"nominal-demo","sourceLayer":"Water Main","diameterIn":8.0,"material":"Ductile Iron","id":"haverhill-water-main-0109"},"geometry":{"type":"LineString","coordinates":[[-71.0831074,42.7761434],[-71.0821672,42.7760931],[-71.0820394,42.7760855]]}},{"type":"Feature","id":"haverhill-water-main-0110","properties":{"type":"water","network":"water","assetType":"Main","label":"12\" Water Main","depth":1.2,"depthSource":"nominal-demo","sourceLayer":"Water Main","diameterIn":12.0,"material":"Cast Iron","id":"haverhill-water-main-0110"},"geometry":{"type":"LineString","coordinates":[[-71.0818627,42.7775856],[-71.0818598,42.7776022],[-71.0818581,42.7776077]]}},{"type":"Feature","id":"haverhill-water-points-0001","properties":{"type":"valve","network":"water","assetType":"Fitting","label":"Water Fitting","depth":0.0,"depthSource":"nominal-demo","sourceLayer":"Water Points","subtype":"Reducer","id":"haverhill-water-points-0001"},"geometry":{"type":"Point","coordinates":[-71.0841015,42.7756979]}},{"type":"Feature","id":"haverhill-water-points-0002","properties":{"type":"valve","network":"water","assetType":"Fitting","label":"Water Fitting","depth":0.0,"depthSource":"nominal-demo","sourceLayer":"Water Points","subtype":"Reducer","id":"haverhill-water-points-0002"},"geometry":{"type":"Point","coordinates":[-71.0852083,42.7764921]}},{"type":"Feature","id":"haverhill-water-points-0003","properties":{"type":"valve","network":"water","assetType":"Fitting","label":"Water Fitting","depth":0.0,"depthSource":"nominal-demo","sourceLayer":"Water Points","subtype":"Reducer","id":"haverhill-water-points-0003"},"geometry":{"type":"Point","coordinates":[-71.0838169,42.777791]}},{"type":"Feature","id":"haverhill-water-points-0004","properties":{"type":"valve","network":"water","assetType":"Fitting","label":"Water Fitting","depth":0.0,"depthSource":"nominal-demo","sourceLayer":"Water Points","subtype":"Reducer","id":"haverhill-water-points-0004"},"geometry":{"type":"Point","coordinates":[-71.0821403,42.7751843]}},{"type":"Feature","id":"haverhill-water-points-0005","properties":{"type":"valve","network":"water","assetType":"Fitting","label":"Water Fitting","depth":0.0,"depthSource":"nominal-demo","sourceLayer":"Water Points","subtype":"Reducer","id":"haverhill-water-points-0005"},"geometry":{"type":"Point","coordinates":[-71.0825861,42.7738527]}},{"type":"Feature","id":"haverhill-water-points-0006","properties":{"type":"valve","network":"water","assetType":"Fitting","label":"Water Fitting","depth":0.0,"depthSource":"nominal-demo","sourceLayer":"Water Points","subtype":"Reducer","id":"haverhill-water-points-0006"},"geometry":{"type":"Point","coordinates":[-71.0857493,42.7770047]}},{"type":"Feature","id":"haverhill-water-points-0007","properties":{"type":"valve","network":"water","assetType":"Fitting","label":"Water Fitting","depth":0.0,"depthSource":"nominal-demo","sourceLayer":"Water Points","subtype":"Cap","id":"haverhill-water-points-0007"},"geometry":{"type":"Point","coordinates":[-71.0842731,42.7751649]}},{"type":"Feature","id":"haverhill-water-points-0008","properties":{"type":"valve","network":"water","assetType":"Fitting","label":"Water Fitting","depth":0.0,"depthSource":"nominal-demo","sourceLayer":"Water Points","subtype":"Cap","id":"haverhill-water-points-0008"},"geometry":{"type":"Point","coordinates":[-71.0857957,42.7769019]}},{"type":"Feature","id":"haverhill-water-points-0009","properties":{"type":"valve","network":"water","assetType":"Fitting","label":"Water Fitting","depth":0.0,"depthSource":"nominal-demo","sourceLayer":"Water Points","subtype":"Cap","id":"haverhill-water-points-0009"},"geometry":{"type":"Point","coordinates":[-71.0858947,42.7769031]}},{"type":"Feature","id":"haverhill-water-points-0010","properties":{"type":"valve","network":"water","assetType":"Fitting","label":"Water Fitting","depth":0.0,"depthSource":"nominal-demo","sourceLayer":"Water Points","subtype":"Cap","id":"haverhill-water-points-0010"},"geometry":{"type":"Point","coordinates":[-71.0864791,42.7770801]}},{"type":"Feature","id":"haverhill-water-points-0011","properties":{"type":"valve","network":"water","assetType":"Fitting","label":"Water Fitting","depth":0.0,"depthSource":"nominal-demo","sourceLayer":"Water Points","subtype":"Cap","id":"haverhill-water-points-0011"},"geometry":{"type":"Point","coordinates":[-71.0862569,42.7774072]}},{"type":"Feature","id":"haverhill-water-points-0012","properties":{"type":"valve","network":"water","assetType":"Fitting","label":"Water Fitting","depth":0.0,"depthSource":"nominal-demo","sourceLayer":"Water Points","subtype":"Cap","id":"haverhill-water-points-0012"},"geometry":{"type":"Point","coordinates":[-71.0843702,42.7747069]}},{"type":"Feature","id":"haverhill-water-points-0013","properties":{"type":"valve","network":"water","assetType":"Fitting","label":"Water Fitting","depth":0.0,"depthSource":"nominal-demo","sourceLayer":"Water Points","subtype":"Cap","id":"haverhill-water-points-0013"},"geometry":{"type":"Point","coordinates":[-71.0843348,42.7748951]}},{"type":"Feature","id":"haverhill-water-points-0014","properties":{"type":"valve","network":"water","assetType":"Fitting","label":"Water Fitting","depth":0.0,"depthSource":"nominal-demo","sourceLayer":"Water Points","subtype":"Cap","id":"haverhill-water-points-0014"},"geometry":{"type":"Point","coordinates":[-71.0839991,42.7756617]}},{"type":"Feature","id":"haverhill-water-points-0015","properties":{"type":"valve","network":"water","assetType":"Fitting","label":"Water Fitting","depth":0.0,"depthSource":"nominal-demo","sourceLayer":"Water Points","subtype":"Cap","id":"haverhill-water-points-0015"},"geometry":{"type":"Point","coordinates":[-71.0880011,42.776119]}},{"type":"Feature","id":"haverhill-water-points-0016","properties":{"type":"valve","network":"water","assetType":"Fitting","label":"Water Fitting","depth":0.0,"depthSource":"nominal-demo","sourceLayer":"Water Points","subtype":"Cap","id":"haverhill-water-points-0016"},"geometry":{"type":"Point","coordinates":[-71.0844079,42.7748668]}},{"type":"Feature","id":"haverhill-water-points-0017","properties":{"type":"hydrant","network":"water","assetType":"Hydrant","label":"Water Hydrant","depth":0.0,"depthSource":"nominal-demo","sourceLayer":"Water Points","id":"haverhill-water-points-0017"},"geometry":{"type":"Point","coordinates":[-71.0867816,42.7755383]}},{"type":"Feature","id":"haverhill-water-points-0018","properties":{"type":"hydrant","network":"water","assetType":"Hydrant","label":"Water Hydrant","depth":0.0,"depthSource":"nominal-demo","sourceLayer":"Water Points","id":"haverhill-water-points-0018"},"geometry":{"type":"Point","coordinates":[-71.0821376,42.776193]}},{"type":"Feature","id":"haverhill-water-points-0019","properties":{"type":"hydrant","network":"water","assetType":"Hydrant","label":"Water Hydrant","depth":0.0,"depthSource":"nominal-demo","sourceLayer":"Water Points","id":"haverhill-water-points-0019"},"geometry":{"type":"Point","coordinates":[-71.0840167,42.7769538]}},{"type":"Feature","id":"haverhill-water-points-0020","properties":{"type":"hydrant","network":"water","assetType":"Hydrant","label":"Water Hydrant","depth":0.0,"depthSource":"nominal-demo","sourceLayer":"Water Points","id":"haverhill-water-points-0020"},"geometry":{"type":"Point","coordinates":[-71.0839563,42.7761251]}},{"type":"Feature","id":"haverhill-water-points-0021","properties":{"type":"hydrant","network":"water","assetType":"Hydrant","label":"Water Hydrant","depth":0.0,"depthSource":"nominal-demo","sourceLayer":"Water Points","id":"haverhill-water-points-0021"},"geometry":{"type":"Point","coordinates":[-71.0849405,42.7761832]}},{"type":"Feature","id":"haverhill-water-points-0022","properties":{"type":"hydrant","network":"water","assetType":"Hydrant","label":"Water Hydrant","depth":0.0,"depthSource":"nominal-demo","sourceLayer":"Water Points","id":"haverhill-water-points-0022"},"geometry":{"type":"Point","coordinates":[-71.0831598,42.7753934]}},{"type":"Feature","id":"haverhill-water-points-0023","properties":{"type":"hydrant","network":"water","assetType":"Hydrant","label":"Water Hydrant","depth":0.0,"depthSource":"nominal-demo","sourceLayer":"Water Points","id":"haverhill-water-points-0023"},"geometry":{"type":"Point","coordinates":[-71.082282,42.7753755]}},{"type":"Feature","id":"haverhill-water-points-0024","properties":{"type":"hydrant","network":"water","assetType":"Hydrant","label":"Water Hydrant","depth":0.0,"depthSource":"nominal-demo","sourceLayer":"Water Points","id":"haverhill-water-points-0024"},"geometry":{"type":"Point","coordinates":[-71.0852209,42.7749742]}},{"type":"Feature","id":"haverhill-water-points-0025","properties":{"type":"hydrant","network":"water","assetType":"Hydrant","label":"Water Hydrant","depth":0.0,"depthSource":"nominal-demo","sourceLayer":"Water Points","id":"haverhill-water-points-0025"},"geometry":{"type":"Point","coordinates":[-71.0866027,42.7775377]}},{"type":"Feature","id":"haverhill-water-points-0026","properties":{"type":"hydrant","network":"water","assetType":"Hydrant","label":"Water Hydrant","depth":0.0,"depthSource":"nominal-demo","sourceLayer":"Water Points","id":"haverhill-water-points-0026"},"geometry":{"type":"Point","coordinates":[-71.0822997,42.7746018]}},{"type":"Feature","id":"haverhill-water-points-0027","properties":{"type":"hydrant","network":"water","assetType":"Hydrant","label":"Water Hydrant","depth":0.0,"depthSource":"nominal-demo","sourceLayer":"Water Points","id":"haverhill-water-points-0027"},"geometry":{"type":"Point","coordinates":[-71.0821789,42.7740272]}},{"type":"Feature","id":"haverhill-water-points-0028","properties":{"type":"hydrant","network":"water","assetType":"Hydrant","label":"Water Hydrant","depth":0.0,"depthSource":"nominal-demo","sourceLayer":"Water Points","id":"haverhill-water-points-0028"},"geometry":{"type":"Point","coordinates":[-71.0842213,42.7750247]}},{"type":"Feature","id":"haverhill-water-points-0029","properties":{"type":"hydrant","network":"water","assetType":"Hydrant","label":"Water Hydrant","depth":0.0,"depthSource":"nominal-demo","sourceLayer":"Water Points","id":"haverhill-water-points-0029"},"geometry":{"type":"Point","coordinates":[-71.0854192,42.7766713]}},{"type":"Feature","id":"haverhill-water-points-0030","properties":{"type":"hydrant","network":"water","assetType":"Hydrant","label":"Water Hydrant","depth":0.0,"depthSource":"nominal-demo","sourceLayer":"Water Points","id":"haverhill-water-points-0030"},"geometry":{"type":"Point","coordinates":[-71.0863675,42.7772759]}},{"type":"Feature","id":"haverhill-water-points-0031","properties":{"type":"hydrant","network":"water","assetType":"Hydrant","label":"Water Hydrant","depth":0.0,"depthSource":"nominal-demo","sourceLayer":"Water Points","id":"haverhill-water-points-0031"},"geometry":{"type":"Point","coordinates":[-71.0837143,42.7743012]}},{"type":"Feature","id":"haverhill-water-points-0032","properties":{"type":"hydrant","network":"water","assetType":"Hydrant","label":"Water Hydrant","depth":0.0,"depthSource":"nominal-demo","sourceLayer":"Water Points","id":"haverhill-water-points-0032"},"geometry":{"type":"Point","coordinates":[-71.0830376,42.7762204]}},{"type":"Feature","id":"haverhill-water-points-0033","properties":{"type":"valve","network":"water","assetType":"Valve","label":"Water Valve","depth":0.0,"depthSource":"nominal-demo","sourceLayer":"Water Points","subtype":"Gate","id":"haverhill-water-points-0033"},"geometry":{"type":"Point","coordinates":[-71.0826831,42.7737969]}},{"type":"Feature","id":"haverhill-water-points-0034","properties":{"type":"valve","network":"water","assetType":"Valve","label":"Water Valve","depth":0.0,"depthSource":"nominal-demo","sourceLayer":"Water Points","subtype":"Gate","id":"haverhill-water-points-0034"},"geometry":{"type":"Point","coordinates":[-71.0851161,42.7748191]}},{"type":"Feature","id":"haverhill-water-points-0035","properties":{"type":"valve","network":"water","assetType":"Valve","label":"Water Valve","depth":0.0,"depthSource":"nominal-demo","sourceLayer":"Water Points","subtype":"Gate","id":"haverhill-water-points-0035"},"geometry":{"type":"Point","coordinates":[-71.087069,42.7756627]}},{"type":"Feature","id":"haverhill-water-points-0036","properties":{"type":"valve","network":"water","assetType":"Valve","label":"Water Valve","depth":0.0,"depthSource":"nominal-demo","sourceLayer":"Water Points","subtype":"Gate","id":"haverhill-water-points-0036"},"geometry":{"type":"Point","coordinates":[-71.0884884,42.7764062]}},{"type":"Feature","id":"haverhill-water-points-0037","properties":{"type":"valve","network":"water","assetType":"Valve","label":"Water Valve","depth":0.0,"depthSource":"nominal-demo","sourceLayer":"Water Points","subtype":"Gate","id":"haverhill-water-points-0037"},"geometry":{"type":"Point","coordinates":[-71.0838568,42.7769313]}},{"type":"Feature","id":"haverhill-water-points-0038","properties":{"type":"valve","network":"water","assetType":"Valve","label":"Water Valve","depth":0.0,"depthSource":"nominal-demo","sourceLayer":"Water Points","subtype":"Gate","id":"haverhill-water-points-0038"},"geometry":{"type":"Point","coordinates":[-71.0820872,42.7768446]}},{"type":"Feature","id":"haverhill-water-points-0039","properties":{"type":"valve","network":"water","assetType":"Valve","label":"Water Valve","depth":0.0,"depthSource":"nominal-demo","sourceLayer":"Water Points","subtype":"Gate","id":"haverhill-water-points-0039"},"geometry":{"type":"Point","coordinates":[-71.0839306,42.776188]}},{"type":"Feature","id":"haverhill-water-points-0040","properties":{"type":"valve","network":"water","assetType":"Valve","label":"Water Valve","depth":0.0,"depthSource":"nominal-demo","sourceLayer":"Water Points","subtype":"Gate","id":"haverhill-water-points-0040"},"geometry":{"type":"Point","coordinates":[-71.0821672,42.7760931]}},{"type":"Feature","id":"haverhill-water-points-0041","properties":{"type":"valve","network":"water","assetType":"Valve","label":"Water Valve","depth":0.0,"depthSource":"nominal-demo","sourceLayer":"Water Points","subtype":"Gate","id":"haverhill-water-points-0041"},"geometry":{"type":"Point","coordinates":[-71.0831712,42.7761472]}},{"type":"Feature","id":"haverhill-water-points-0042","properties":{"type":"valve","network":"water","assetType":"Valve","label":"Water Valve","depth":0.0,"depthSource":"nominal-demo","sourceLayer":"Water Points","subtype":"Gate","id":"haverhill-water-points-0042"},"geometry":{"type":"Point","coordinates":[-71.0838672,42.7777407]}},{"type":"Feature","id":"haverhill-water-points-0043","properties":{"type":"valve","network":"water","assetType":"Valve","label":"Water Valve","depth":0.0,"depthSource":"nominal-demo","sourceLayer":"Water Points","subtype":"Gate","id":"haverhill-water-points-0043"},"geometry":{"type":"Point","coordinates":[-71.0841022,42.7756943]}},{"type":"Feature","id":"haverhill-water-points-0044","properties":{"type":"valve","network":"water","assetType":"Valve","label":"Water Valve","depth":0.0,"depthSource":"nominal-demo","sourceLayer":"Water Points","subtype":"Gate","id":"haverhill-water-points-0044"},"geometry":{"type":"Point","coordinates":[-71.0844318,42.7746159]}},{"type":"Feature","id":"haverhill-water-points-0045","properties":{"type":"valve","network":"water","assetType":"Valve","label":"Water Valve","depth":0.0,"depthSource":"nominal-demo","sourceLayer":"Water Points","subtype":"Gate","id":"haverhill-water-points-0045"},"geometry":{"type":"Point","coordinates":[-71.0839746,42.7756625]}},{"type":"Feature","id":"haverhill-water-points-0046","properties":{"type":"valve","network":"water","assetType":"Valve","label":"Water Valve","depth":0.0,"depthSource":"nominal-demo","sourceLayer":"Water Points","subtype":"Gate","id":"haverhill-water-points-0046"},"geometry":{"type":"Point","coordinates":[-71.084121,42.776252]}},{"type":"Feature","id":"haverhill-water-points-0047","properties":{"type":"valve","network":"water","assetType":"Valve","label":"Water Valve","depth":0.0,"depthSource":"nominal-demo","sourceLayer":"Water Points","subtype":"Gate","id":"haverhill-water-points-0047"},"geometry":{"type":"Point","coordinates":[-71.0849474,42.7763001]}},{"type":"Feature","id":"haverhill-water-points-0048","properties":{"type":"valve","network":"water","assetType":"Valve","label":"Water Valve","depth":0.0,"depthSource":"nominal-demo","sourceLayer":"Water Points","subtype":"Gate","id":"haverhill-water-points-0048"},"geometry":{"type":"Point","coordinates":[-71.082264,42.7751512]}},{"type":"Feature","id":"haverhill-water-points-0049","properties":{"type":"valve","network":"water","assetType":"Valve","label":"Water Valve","depth":0.0,"depthSource":"nominal-demo","sourceLayer":"Water Points","subtype":"Gate","id":"haverhill-water-points-0049"},"geometry":{"type":"Point","coordinates":[-71.0818627,42.7775856]}},{"type":"Feature","id":"haverhill-water-points-0050","properties":{"type":"valve","network":"water","assetType":"Valve","label":"Water Valve","depth":0.0,"depthSource":"nominal-demo","sourceLayer":"Water Points","subtype":"Gate","id":"haverhill-water-points-0050"},"geometry":{"type":"Point","coordinates":[-71.0818812,42.7776443]}},{"type":"Feature","id":"haverhill-water-points-0051","properties":{"type":"valve","network":"water","assetType":"Valve","label":"Water Valve","depth":0.0,"depthSource":"nominal-demo","sourceLayer":"Water Points","subtype":"Gate","id":"haverhill-water-points-0051"},"geometry":{"type":"Point","coordinates":[-71.0851007,42.7776737]}},{"type":"Feature","id":"haverhill-water-points-0052","properties":{"type":"valve","network":"water","assetType":"Valve","label":"Water Valve","depth":0.0,"depthSource":"nominal-demo","sourceLayer":"Water Points","subtype":"Gate","id":"haverhill-water-points-0052"},"geometry":{"type":"Point","coordinates":[-71.0852054,42.77488]}},{"type":"Feature","id":"haverhill-water-points-0053","properties":{"type":"valve","network":"water","assetType":"Valve","label":"Water Valve","depth":0.0,"depthSource":"nominal-demo","sourceLayer":"Water Points","subtype":"Gate","id":"haverhill-water-points-0053"},"geometry":{"type":"Point","coordinates":[-71.0850578,42.7763595]}},{"type":"Feature","id":"haverhill-water-points-0054","properties":{"type":"valve","network":"water","assetType":"Valve","label":"Water Valve","depth":0.0,"depthSource":"nominal-demo","sourceLayer":"Water Points","subtype":"Gate","id":"haverhill-water-points-0054"},"geometry":{"type":"Point","coordinates":[-71.0850166,42.7764814]}},{"type":"Feature","id":"haverhill-water-points-0055","properties":{"type":"valve","network":"water","assetType":"Valve","label":"Water Valve","depth":0.0,"depthSource":"nominal-demo","sourceLayer":"Water Points","subtype":"Gate","id":"haverhill-water-points-0055"},"geometry":{"type":"Point","coordinates":[-71.0850293,42.7766879]}},{"type":"Feature","id":"haverhill-water-points-0056","properties":{"type":"valve","network":"water","assetType":"Valve","label":"Water Valve","depth":0.0,"depthSource":"nominal-demo","sourceLayer":"Water Points","subtype":"Gate","id":"haverhill-water-points-0056"},"geometry":{"type":"Point","coordinates":[-71.0852285,42.7765163]}},{"type":"Feature","id":"haverhill-water-points-0057","properties":{"type":"valve","network":"water","assetType":"Valve","label":"Water Valve","depth":0.0,"depthSource":"nominal-demo","sourceLayer":"Water Points","subtype":"Gate","id":"haverhill-water-points-0057"},"geometry":{"type":"Point","coordinates":[-71.0865798,42.7776188]}},{"type":"Feature","id":"haverhill-water-points-0058","properties":{"type":"valve","network":"water","assetType":"Valve","label":"Water Valve","depth":0.0,"depthSource":"nominal-demo","sourceLayer":"Water Points","subtype":"Gate","id":"haverhill-water-points-0058"},"geometry":{"type":"Point","coordinates":[-71.0821045,42.773923]}},{"type":"Feature","id":"haverhill-water-points-0059","properties":{"type":"valve","network":"water","assetType":"Valve","label":"Water Valve","depth":0.0,"depthSource":"nominal-demo","sourceLayer":"Water Points","subtype":"Gate","id":"haverhill-water-points-0059"},"geometry":{"type":"Point","coordinates":[-71.0858676,42.7769592]}},{"type":"Feature","id":"haverhill-water-points-0060","properties":{"type":"valve","network":"water","assetType":"Valve","label":"Water Valve","depth":0.0,"depthSource":"nominal-demo","sourceLayer":"Water Points","subtype":"Gate","id":"haverhill-water-points-0060"},"geometry":{"type":"Point","coordinates":[-71.082307,42.775176]}},{"type":"Feature","id":"haverhill-water-points-0061","properties":{"type":"valve","network":"water","assetType":"Valve","label":"Water Valve","depth":0.0,"depthSource":"nominal-demo","sourceLayer":"Water Points","subtype":"Gate","id":"haverhill-water-points-0061"},"geometry":{"type":"Point","coordinates":[-71.0822349,42.775022]}},{"type":"Feature","id":"haverhill-water-points-0062","properties":{"type":"valve","network":"water","assetType":"Valve","label":"Water Valve","depth":0.0,"depthSource":"nominal-demo","sourceLayer":"Water Points","subtype":"Gate","id":"haverhill-water-points-0062"},"geometry":{"type":"Point","coordinates":[-71.0821631,42.7748982]}},{"type":"Feature","id":"haverhill-water-points-0063","properties":{"type":"valve","network":"water","assetType":"Valve","label":"Water Valve","depth":0.0,"depthSource":"nominal-demo","sourceLayer":"Water Points","subtype":"Gate","id":"haverhill-water-points-0063"},"geometry":{"type":"Point","coordinates":[-71.0840922,42.7754728]}},{"type":"Feature","id":"haverhill-water-points-0064","properties":{"type":"valve","network":"water","assetType":"Valve","label":"Water Valve","depth":0.0,"depthSource":"nominal-demo","sourceLayer":"Water Points","subtype":"Gate","id":"haverhill-water-points-0064"},"geometry":{"type":"Point","coordinates":[-71.0852224,42.7748857]}},{"type":"Feature","id":"haverhill-water-points-0065","properties":{"type":"valve","network":"water","assetType":"Valve","label":"Water Valve","depth":0.0,"depthSource":"nominal-demo","sourceLayer":"Water Points","subtype":"Gate","id":"haverhill-water-points-0065"},"geometry":{"type":"Point","coordinates":[-71.0881785,42.7774084]}},{"type":"Feature","id":"haverhill-water-points-0066","properties":{"type":"valve","network":"water","assetType":"Valve","label":"Water Valve","depth":0.0,"depthSource":"nominal-demo","sourceLayer":"Water Points","subtype":"Gate","id":"haverhill-water-points-0066"},"geometry":{"type":"Point","coordinates":[-71.0840193,42.7756711]}},{"type":"Feature","id":"haverhill-water-points-0067","properties":{"type":"valve","network":"water","assetType":"Valve","label":"Water Valve","depth":0.0,"depthSource":"nominal-demo","sourceLayer":"Water Points","subtype":"Gate","id":"haverhill-water-points-0067"},"geometry":{"type":"Point","coordinates":[-71.084216,42.7751542]}},{"type":"Feature","id":"haverhill-water-points-0068","properties":{"type":"valve","network":"water","assetType":"Valve","label":"Water Valve","depth":0.0,"depthSource":"nominal-demo","sourceLayer":"Water Points","subtype":"Gate","id":"haverhill-water-points-0068"},"geometry":{"type":"Point","coordinates":[-71.0842046,42.7751832]}},{"type":"Feature","id":"haverhill-water-points-0069","properties":{"type":"valve","network":"water","assetType":"Valve","label":"Water Valve","depth":0.0,"depthSource":"nominal-demo","sourceLayer":"Water Points","subtype":"HydGate","id":"haverhill-water-points-0069"},"geometry":{"type":"Point","coordinates":[-71.084266,42.775035]}},{"type":"Feature","id":"haverhill-water-points-0070","properties":{"type":"valve","network":"water","assetType":"Valve","label":"Water Valve","depth":0.0,"depthSource":"nominal-demo","sourceLayer":"Water Points","subtype":"Gate","id":"haverhill-water-points-0070"},"geometry":{"type":"Point","coordinates":[-71.0840974,42.7754641]}},{"type":"Feature","id":"haverhill-water-points-0071","properties":{"type":"valve","network":"water","assetType":"Valve","label":"Water Valve","depth":0.0,"depthSource":"nominal-demo","sourceLayer":"Water Points","subtype":"Gate","id":"haverhill-water-points-0071"},"geometry":{"type":"Point","coordinates":[-71.0839604,42.7777997]}},{"type":"Feature","id":"haverhill-water-points-0072","properties":{"type":"valve","network":"water","assetType":"Valve","label":"Water Valve","depth":0.0,"depthSource":"nominal-demo","sourceLayer":"Water Points","subtype":"HydGate","id":"haverhill-water-points-0072"},"geometry":{"type":"Point","coordinates":[-71.0822885,42.7746018]}},{"type":"Feature","id":"haverhill-water-points-0073","properties":{"type":"valve","network":"water","assetType":"Valve","label":"Water Valve","depth":0.0,"depthSource":"nominal-demo","sourceLayer":"Water Points","subtype":"HydGate","id":"haverhill-water-points-0073"},"geometry":{"type":"Point","coordinates":[-71.0863784,42.777263]}},{"type":"Feature","id":"haverhill-water-points-0074","properties":{"type":"valve","network":"water","assetType":"Valve","label":"Water Valve","depth":0.0,"depthSource":"nominal-demo","sourceLayer":"Water Points","subtype":"HydGate","id":"haverhill-water-points-0074"},"geometry":{"type":"Point","coordinates":[-71.0853864,42.7766811]}},{"type":"Feature","id":"haverhill-water-points-0075","properties":{"type":"valve","network":"water","assetType":"Valve","label":"Water Valve","depth":0.0,"depthSource":"nominal-demo","sourceLayer":"Water Points","subtype":"HydGate","id":"haverhill-water-points-0075"},"geometry":{"type":"Point","coordinates":[-71.0849686,42.7761858]}},{"type":"Feature","id":"haverhill-water-points-0076","properties":{"type":"valve","network":"water","assetType":"Valve","label":"Water Valve","depth":0.0,"depthSource":"nominal-demo","sourceLayer":"Water Points","subtype":"HydGate","id":"haverhill-water-points-0076"},"geometry":{"type":"Point","coordinates":[-71.0840027,42.7769528]}},{"type":"Feature","id":"haverhill-water-points-0077","properties":{"type":"valve","network":"water","assetType":"Valve","label":"Water Valve","depth":0.0,"depthSource":"nominal-demo","sourceLayer":"Water Points","subtype":"HydGate","id":"haverhill-water-points-0077"},"geometry":{"type":"Point","coordinates":[-71.0839682,42.7761256]}},{"type":"Feature","id":"haverhill-water-points-0078","properties":{"type":"valve","network":"water","assetType":"Valve","label":"Water Valve","depth":0.0,"depthSource":"nominal-demo","sourceLayer":"Water Points","subtype":"HydGate","id":"haverhill-water-points-0078"},"geometry":{"type":"Point","coordinates":[-71.0821219,42.7761913]}},{"type":"Feature","id":"haverhill-water-points-0079","properties":{"type":"valve","network":"water","assetType":"Valve","label":"Water Valve","depth":0.0,"depthSource":"nominal-demo","sourceLayer":"Water Points","subtype":"HydGate","id":"haverhill-water-points-0079"},"geometry":{"type":"Point","coordinates":[-71.0822186,42.775311]}},{"type":"Feature","id":"haverhill-water-points-0080","properties":{"type":"valve","network":"water","assetType":"Valve","label":"Water Valve","depth":0.0,"depthSource":"nominal-demo","sourceLayer":"Water Points","subtype":"HydGate","id":"haverhill-water-points-0080"},"geometry":{"type":"Point","coordinates":[-71.0831545,42.775409]}},{"type":"Feature","id":"haverhill-water-points-0081","properties":{"type":"valve","network":"water","assetType":"Valve","label":"Water Valve","depth":0.0,"depthSource":"nominal-demo","sourceLayer":"Water Points","subtype":"HydGate","id":"haverhill-water-points-0081"},"geometry":{"type":"Point","coordinates":[-71.0821607,42.7740271]}},{"type":"Feature","id":"haverhill-water-points-0082","properties":{"type":"valve","network":"water","assetType":"Valve","label":"Water Valve","depth":0.0,"depthSource":"nominal-demo","sourceLayer":"Water Points","subtype":"HydGate","id":"haverhill-water-points-0082"},"geometry":{"type":"Point","coordinates":[-71.0837204,42.7742953]}},{"type":"Feature","id":"haverhill-water-points-0083","properties":{"type":"valve","network":"water","assetType":"Valve","label":"Water Valve","depth":0.0,"depthSource":"nominal-demo","sourceLayer":"Water Points","subtype":"HydGate","id":"haverhill-water-points-0083"},"geometry":{"type":"Point","coordinates":[-71.0865812,42.7775396]}},{"type":"Feature","id":"haverhill-water-points-0084","properties":{"type":"valve","network":"water","assetType":"Valve","label":"Water Valve","depth":0.0,"depthSource":"nominal-demo","sourceLayer":"Water Points","subtype":"Gate","id":"haverhill-water-points-0084"},"geometry":{"type":"Point","coordinates":[-71.0867945,42.7755273]}},{"type":"Feature","id":"haverhill-water-points-0085","properties":{"type":"valve","network":"water","assetType":"Valve","label":"Water Valve","depth":0.0,"depthSource":"nominal-demo","sourceLayer":"Water Points","subtype":"HydGate","id":"haverhill-water-points-0085"},"geometry":{"type":"Point","coordinates":[-71.0851876,42.7749536]}},{"type":"Feature","id":"haverhill-water-points-0086","properties":{"type":"valve","network":"water","assetType":"Valve","label":"Water Valve","depth":0.0,"depthSource":"nominal-demo","sourceLayer":"Water Points","subtype":"Gate","id":"haverhill-water-points-0086"},"geometry":{"type":"Point","coordinates":[-71.0821807,42.7754615]}},{"type":"Feature","id":"haverhill-water-points-0087","properties":{"type":"valve","network":"water","assetType":"Valve","label":"Water Valve","depth":0.0,"depthSource":"nominal-demo","sourceLayer":"Water Points","subtype":"Gate","id":"haverhill-water-points-0087"},"geometry":{"type":"Point","coordinates":[-71.0821081,42.7760325]}},{"type":"Feature","id":"haverhill-water-points-0088","properties":{"type":"valve","network":"water","assetType":"Valve","label":"Water Valve","depth":0.0,"depthSource":"nominal-demo","sourceLayer":"Water Points","subtype":"Gate","id":"haverhill-water-points-0088"},"geometry":{"type":"Point","coordinates":[-71.0820509,42.7759889]}},{"type":"Feature","id":"haverhill-water-points-0089","properties":{"type":"valve","network":"water","assetType":"Valve","label":"Water Valve","depth":0.0,"depthSource":"nominal-demo","sourceLayer":"Water Points","subtype":"Gate","id":"haverhill-water-points-0089"},"geometry":{"type":"Point","coordinates":[-71.0820926,42.77614]}},{"type":"Feature","id":"haverhill-water-points-0090","properties":{"type":"valve","network":"water","assetType":"Valve","label":"Water Valve","depth":0.0,"depthSource":"nominal-demo","sourceLayer":"Water Points","subtype":"Gate","id":"haverhill-water-points-0090"},"geometry":{"type":"Point","coordinates":[-71.0826735,42.7777234]}},{"type":"Feature","id":"haverhill-water-points-0091","properties":{"type":"valve","network":"water","assetType":"Valve","label":"Water Valve","depth":0.0,"depthSource":"nominal-demo","sourceLayer":"Water Points","subtype":"Gate","id":"haverhill-water-points-0091"},"geometry":{"type":"Point","coordinates":[-71.0850444,42.7762072]}},{"type":"Feature","id":"haverhill-water-points-0092","properties":{"type":"valve","network":"water","assetType":"Valve","label":"Water Valve","depth":0.0,"depthSource":"nominal-demo","sourceLayer":"Water Points","subtype":"Gate","id":"haverhill-water-points-0092"},"geometry":{"type":"Point","coordinates":[-71.0865584,42.7775538]}},{"type":"Feature","id":"haverhill-water-points-0093","properties":{"type":"valve","network":"water","assetType":"Valve","label":"Water Valve","depth":0.0,"depthSource":"nominal-demo","sourceLayer":"Water Points","subtype":"Gate","id":"haverhill-water-points-0093"},"geometry":{"type":"Point","coordinates":[-71.0828422,42.7761119]}},{"type":"Feature","id":"haverhill-water-points-0094","properties":{"type":"valve","network":"water","assetType":"Valve","label":"Water Valve","depth":0.0,"depthSource":"nominal-demo","sourceLayer":"Water Points","subtype":"Gate","id":"haverhill-water-points-0094"},"geometry":{"type":"Point","coordinates":[-71.0844679,42.7761985]}},{"type":"Feature","id":"haverhill-water-points-0095","properties":{"type":"valve","network":"water","assetType":"Valve","label":"Water Valve","depth":0.0,"depthSource":"nominal-demo","sourceLayer":"Water Points","subtype":"Gate","id":"haverhill-water-points-0095"},"geometry":{"type":"Point","coordinates":[-71.0850849,42.7776074]}},{"type":"Feature","id":"haverhill-water-points-0096","properties":{"type":"valve","network":"water","assetType":"Valve","label":"Water Valve","depth":0.0,"depthSource":"nominal-demo","sourceLayer":"Water Points","subtype":"Gate","id":"haverhill-water-points-0096"},"geometry":{"type":"Point","coordinates":[-71.0856452,42.7769645]}},{"type":"Feature","id":"haverhill-water-points-0097","properties":{"type":"valve","network":"water","assetType":"Valve","label":"Water Valve","depth":0.0,"depthSource":"nominal-demo","sourceLayer":"Water Points","subtype":"Gate","id":"haverhill-water-points-0097"},"geometry":{"type":"Point","coordinates":[-71.0860147,42.7771586]}},{"type":"Feature","id":"haverhill-water-points-0098","properties":{"type":"valve","network":"water","assetType":"Valve","label":"Water Valve","depth":0.0,"depthSource":"nominal-demo","sourceLayer":"Water Points","subtype":"Gate","id":"haverhill-water-points-0098"},"geometry":{"type":"Point","coordinates":[-71.0860025,42.7771554]}},{"type":"Feature","id":"haverhill-water-points-0099","properties":{"type":"valve","network":"water","assetType":"Valve","label":"Water Valve","depth":0.0,"depthSource":"nominal-demo","sourceLayer":"Water Points","subtype":"Gate","id":"haverhill-water-points-0099"},"geometry":{"type":"Point","coordinates":[-71.0864429,42.7773921]}},{"type":"Feature","id":"haverhill-water-points-0100","properties":{"type":"valve","network":"water","assetType":"Valve","label":"Water Valve","depth":0.0,"depthSource":"nominal-demo","sourceLayer":"Water Points","subtype":"Gate","id":"haverhill-water-points-0100"},"geometry":{"type":"Point","coordinates":[-71.0864452,42.7774094]}},{"type":"Feature","id":"haverhill-water-points-0101","properties":{"type":"valve","network":"water","assetType":"Valve","label":"Water Valve","depth":0.0,"depthSource":"nominal-demo","sourceLayer":"Water Points","subtype":"Gate","id":"haverhill-water-points-0101"},"geometry":{"type":"Point","coordinates":[-71.0861339,42.7752143]}},{"type":"Feature","id":"haverhill-water-points-0102","properties":{"type":"valve","network":"water","assetType":"Valve","label":"Water Valve","depth":0.0,"depthSource":"nominal-demo","sourceLayer":"Water Points","subtype":"FSV","id":"haverhill-water-points-0102"},"geometry":{"type":"Point","coordinates":[-71.0861079,42.7752135]}},{"type":"Feature","id":"haverhill-water-points-0103","properties":{"type":"valve","network":"water","assetType":"Valve","label":"Water Valve","depth":0.0,"depthSource":"nominal-demo","sourceLayer":"Water Points","subtype":"Gate","id":"haverhill-water-points-0103"},"geometry":{"type":"Point","coordinates":[-71.083977,42.7756553]}},{"type":"Feature","id":"haverhill-water-points-0104","properties":{"type":"valve","network":"water","assetType":"Valve","label":"Water Valve","depth":0.0,"depthSource":"nominal-demo","sourceLayer":"Water Points","subtype":"Gate","id":"haverhill-water-points-0104"},"geometry":{"type":"Point","coordinates":[-71.0845029,42.7746603]}},{"type":"Feature","id":"haverhill-water-points-0105","properties":{"type":"valve","network":"water","assetType":"Valve","label":"Water Valve","depth":0.0,"depthSource":"nominal-demo","sourceLayer":"Water Points","subtype":"Gate","id":"haverhill-water-points-0105"},"geometry":{"type":"Point","coordinates":[-71.0843092,42.774971]}},{"type":"Feature","id":"haverhill-water-points-0106","properties":{"type":"valve","network":"water","assetType":"Valve","label":"Water Valve","depth":0.0,"depthSource":"nominal-demo","sourceLayer":"Water Points","subtype":"Gate","id":"haverhill-water-points-0106"},"geometry":{"type":"Point","coordinates":[-71.0842946,42.7749765]}},{"type":"Feature","id":"haverhill-water-points-0107","properties":{"type":"valve","network":"water","assetType":"Valve","label":"Water Valve","depth":0.0,"depthSource":"nominal-demo","sourceLayer":"Water Points","subtype":"Gate","id":"haverhill-water-points-0107"},"geometry":{"type":"Point","coordinates":[-71.0843033,42.7748994]}},{"type":"Feature","id":"haverhill-water-points-0108","properties":{"type":"valve","network":"water","assetType":"Valve","label":"Water Valve","depth":0.0,"depthSource":"nominal-demo","sourceLayer":"Water Points","subtype":"Gate","id":"haverhill-water-points-0108"},"geometry":{"type":"Point","coordinates":[-71.0831072,42.7761454]}},{"type":"Feature","id":"haverhill-water-points-0109","properties":{"type":"valve","network":"water","assetType":"Valve","label":"Water Valve","depth":0.0,"depthSource":"nominal-demo","sourceLayer":"Water Points","subtype":"HydGate","id":"haverhill-water-points-0109"},"geometry":{"type":"Point","coordinates":[-71.0830939,42.7762243]}},{"type":"Feature","id":"haverhill-water-points-0110","properties":{"type":"valve","network":"water","assetType":"Valve","label":"Water Valve","depth":0.0,"depthSource":"nominal-demo","sourceLayer":"Water Points","subtype":"Gate","id":"haverhill-water-points-0110"},"geometry":{"type":"Point","coordinates":[-71.0835018,42.776168]}},{"type":"Feature","id":"haverhill-water-points-0111","properties":{"type":"valve","network":"water","assetType":"Valve","label":"Water Valve","depth":0.0,"depthSource":"nominal-demo","sourceLayer":"Water Points","subtype":"Gate","id":"haverhill-water-points-0111"},"geometry":{"type":"Point","coordinates":[-71.0850492,42.7760591]}},{"type":"Feature","id":"haverhill-water-points-0112","properties":{"type":"valve","network":"water","assetType":"Valve","label":"Water Valve","depth":0.0,"depthSource":"nominal-demo","sourceLayer":"Water Points","subtype":"Gate","id":"haverhill-water-points-0112"},"geometry":{"type":"Point","coordinates":[-71.0852039,42.7777701]}},{"type":"Feature","id":"haverhill-water-points-0113","properties":{"type":"valve","network":"water","assetType":"Valve","label":"Water Valve","depth":0.0,"depthSource":"nominal-demo","sourceLayer":"Water Points","subtype":"Gate","id":"haverhill-water-points-0113"},"geometry":{"type":"Point","coordinates":[-71.0866092,42.7776248]}},{"type":"Feature","id":"haverhill-water-points-0114","properties":{"type":"valve","network":"water","assetType":"Valve","label":"Water Valve","depth":0.0,"depthSource":"nominal-demo","sourceLayer":"Water Points","subtype":"Gate","id":"haverhill-water-points-0114"},"geometry":{"type":"Point","coordinates":[-71.0855768,42.7769288]}}]}
